{
"skeleton": { "hash": "kRbREB76XoFs3PiR+v2k5YifRG4", "spine": "3.5.43", "width": 0, "height": 0, "images": "./images/" },
"bones": [
	{ "name": "root" },
	{ "name": "bone106", "parent": "root", "length": 276.84, "x": -1491.13, "y": 570.59 },
	{ "name": "bone107", "parent": "bone106", "length": 318.95, "rotation": -0.62, "x": 274.83, "y": -0.98 },
	{ "name": "bone108", "parent": "bone107", "x": 324.08, "y": 20.69 },
	{ "name": "bone109", "parent": "bone107", "x": 323.9, "y": -4.44 },
	{ "name": "bone110", "parent": "bone107", "x": 441.17, "y": 0.98, "color": "abe323ff" },
	{ "name": "chan p", "parent": "root", "x": -210.72, "y": 15.25, "color": "ff3f00ff" },
	{ "name": "chan t", "parent": "root", "x": 183.31, "y": 17.91, "color": "ff3f00ff" },
	{ "name": "disk", "parent": "root", "x": 2.8, "y": 105.14 },
	{ "name": "food_disk", "parent": "disk", "x": -3.03, "y": 37.46, "scaleX": 0.903, "scaleY": 0.903 },
	{ "name": "food_hand", "parent": "root", "x": -0.23, "y": 142.6, "scaleX": 0.903, "scaleY": 0.903 }
],
"slots": [
	{ "name": "Layer_24", "bone": "bone108" },
	{ "name": "Layer_25", "bone": "bone109" },
	{ "name": "Layer_23", "bone": "bone106" }
],
"transform": [
	{
		"name": "dia thuc an",
		"order": 0,
		"bones": [ "disk" ],
		"target": "bone110",
		"rotateMix": 0,
		"translateMix": 0,
		"scaleMix": 0,
		"shearMix": 0
	}
],
"skins": {
	"default": {
		"Layer_23": {
			"Layer_9": {
				"type": "mesh",
				"uvs": [ 1, 1, 0.87836, 1, 0.76094, 1, 0.61584, 1, 0.46787, 1, 0.35427, 1, 0.22826, 1, 0.10893, 1, 0, 1, 0, 0, 0.10798, 0, 0.22826, 0, 0.35045, 0, 0.46692, 0, 0.61393, 0, 0.75999, 0, 0.87168, 0, 1, 0 ],
				"triangles": [ 4, 13, 14, 3, 14, 15, 4, 14, 3, 2, 15, 16, 3, 15, 2, 1, 16, 17, 0, 1, 17, 2, 16, 1, 8, 9, 10, 7, 10, 11, 8, 10, 7, 6, 11, 12, 7, 11, 6, 5, 12, 13, 6, 12, 5, 5, 13, 4 ],
				"vertices": [ 2, 1, 595.16, -58.04, 0.09105, 2, 320.94, -53.58, 0.90895, 2, 1, 522.79, -57.26, 0.13004, 2, 248.56, -53.58, 0.86996, 2, 1, 452.93, -56.5, 0.21854, 2, 178.7, -53.58, 0.78146, 2, 1, 366.6, -55.56, 0.34812, 2, 92.36, -53.58, 0.65188, 2, 1, 278.57, -54.6, 0.50139, 2, 4.32, -53.58, 0.49861, 2, 1, 210.98, -53.87, 0.65436, 2, -63.27, -53.58, 0.34564, 2, 1, 136.01, -53.05, 0.7831, 2, -138.25, -53.58, 0.2169, 2, 1, 65.01, -52.28, 0.8708, 2, -209.25, -53.58, 0.1292, 2, 1, 0.2, -51.58, 0.90931, 2, -274.06, -53.58, 0.09069, 2, 1, 1.24, 44.42, 0.90933, 2, -274.06, 42.42, 0.09067, 2, 1, 65.49, 43.72, 0.8708, 2, -209.82, 42.42, 0.1292, 2, 1, 137.05, 42.94, 0.78314, 2, -138.25, 42.42, 0.21686, 2, 1, 209.75, 42.15, 0.65437, 2, -65.54, 42.42, 0.34563, 2, 1, 279.04, 41.4, 0.50143, 2, 3.75, 42.42, 0.49857, 2, 1, 366.51, 40.45, 0.34812, 2, 91.22, 42.42, 0.65188, 2, 1, 453.41, 39.5, 0.21858, 2, 178.13, 42.42, 0.78142, 2, 1, 519.86, 38.78, 0.13004, 2, 244.58, 42.42, 0.86996, 2, 1, 596.21, 37.95, 0.09107, 2, 320.94, 42.42, 0.90893 ],
				"hull": 18,
				"edges": [ 16, 18, 0, 34, 26, 8, 30, 4, 22, 12, 26, 28, 28, 30, 4, 6, 6, 8, 28, 6, 30, 32, 32, 34, 0, 2, 2, 4, 32, 2, 22, 24, 24, 26, 8, 10, 10, 12, 24, 10, 18, 20, 20, 22, 12, 14, 14, 16, 20, 14 ],
				"width": 595,
				"height": 96
			}
		},
		"Layer_24": {
			"Layer_10": { "x": 27.82, "y": 1.64, "width": 98, "height": 48 }
		},
		"Layer_25": {
			"Layer_11": { "x": 29.35, "y": -11.4, "width": 114, "height": 89 }
		}
	}
},
"events": {
	"dap dat": {},
	"jump": {}
},
"animations": {
	"play_food_in": {
		"slots": {
			"Layer_23": {
				"attachment": [
					{ "time": 0, "name": "Layer_9" }
				]
			},
			"Layer_24": {
				"attachment": [
					{ "time": 0, "name": "Layer_10" }
				]
			},
			"Layer_25": {
				"attachment": [
					{ "time": 0, "name": "Layer_11" }
				]
			}
		},
		"bones": {
			"chan t": {
				"rotate": [
					{ "time": 0, "angle": 0, "curve": "stepped" },
					{ "time": 1.3333, "angle": 0 }
				],
				"translate": [
					{ "time": 0, "x": 0, "y": 0, "curve": "stepped" },
					{ "time": 1.3333, "x": 0, "y": 0 }
				],
				"scale": [
					{ "time": 0, "x": 1, "y": 1, "curve": "stepped" },
					{ "time": 1.3333, "x": 1, "y": 1 }
				]
			},
			"root": {
				"rotate": [
					{ "time": 0, "angle": 0, "curve": "stepped" },
					{ "time": 1.3333, "angle": 0 }
				],
				"translate": [
					{ "time": 0, "x": 0, "y": 0, "curve": "stepped" },
					{ "time": 1.3333, "x": 0, "y": 0 }
				],
				"scale": [
					{ "time": 0, "x": 1, "y": 1, "curve": "stepped" },
					{ "time": 1.3333, "x": 1, "y": 1 }
				]
			},
			"chan p": {
				"rotate": [
					{ "time": 0, "angle": 0, "curve": "stepped" },
					{ "time": 1.3333, "angle": 0 }
				],
				"translate": [
					{ "time": 0, "x": 0, "y": 0, "curve": "stepped" },
					{ "time": 1.3333, "x": 0, "y": 0 }
				],
				"scale": [
					{ "time": 0, "x": 1, "y": 1, "curve": "stepped" },
					{ "time": 1.3333, "x": 1, "y": 1 }
				]
			},
			"bone106": {
				"rotate": [
					{ "time": 0, "angle": -87.04 },
					{ "time": 0.5, "angle": -35.06 },
					{ "time": 0.6667, "angle": -54.15 },
					{ "time": 1, "angle": -79.59 },
					{ "time": 1.3333, "angle": -87.04 }
				],
				"translate": [
					{ "time": 0, "x": 0, "y": 276.31 },
					{ "time": 0.5, "x": 802.28, "y": -263.93 },
					{ "time": 1.3333, "x": 0, "y": 276.31 }
				]
			},
			"bone107": {
				"rotate": [
					{ "time": 0, "angle": 73.02 },
					{ "time": 0.5, "angle": 25.99 },
					{ "time": 0.6667, "angle": 49.85 },
					{ "time": 1, "angle": 45.67 },
					{ "time": 1.3333, "angle": 73.02 }
				],
				"translate": [
					{ "time": 0, "x": 0, "y": 0, "curve": "stepped" },
					{ "time": 1.3333, "x": 0, "y": 0 }
				]
			},
			"bone108": {
				"rotate": [
					{ "time": 0, "angle": 0, "curve": "stepped" },
					{ "time": 0.5, "angle": 0 },
					{ "time": 0.6333, "angle": 27.52 }
				],
				"translate": [
					{ "time": 0, "x": 0, "y": 0 }
				]
			},
			"bone109": {
				"rotate": [
					{ "time": 0, "angle": 0, "curve": "stepped" },
					{ "time": 0.5, "angle": 0 },
					{ "time": 0.6333, "angle": -20.91 }
				],
				"translate": [
					{ "time": 0, "x": 0, "y": 0 }
				]
			},
			"bone110": {
				"rotate": [
					{ "time": 0, "angle": 0 }
				],
				"translate": [
					{ "time": 0, "x": 0, "y": 0 }
				]
			}
		},
		"transform": {
			"dia thuc an": [
				{ "time": 0, "rotateMix": 0, "translateMix": 0.999, "scaleMix": 0, "shearMix": 0, "curve": "stepped" },
				{ "time": 0.4333, "rotateMix": 0, "translateMix": 0.999, "scaleMix": 0, "shearMix": 0 },
				{ "time": 0.5, "rotateMix": 0, "translateMix": 0, "scaleMix": 0, "shearMix": 0 }
			]
		},
		"deform": {
			"default": {
				"Layer_23": {
					"Layer_9": [
						{ "time": 0 }
					]
				}
			}
		}
	},
	"play_food_out": {
		"slots": {
			"Layer_23": {
				"attachment": [
					{ "time": 0, "name": "Layer_9" }
				]
			},
			"Layer_24": {
				"attachment": [
					{ "time": 0, "name": "Layer_10" }
				]
			},
			"Layer_25": {
				"attachment": [
					{ "time": 0, "name": "Layer_11" }
				]
			}
		},
		"bones": {
			"chan t": {
				"rotate": [
					{ "time": 0, "angle": 0, "curve": "stepped" },
					{ "time": 1.3333, "angle": 0 }
				],
				"translate": [
					{ "time": 0, "x": 0, "y": 0, "curve": "stepped" },
					{ "time": 1.3333, "x": 0, "y": 0 }
				],
				"scale": [
					{ "time": 0, "x": 1, "y": 1, "curve": "stepped" },
					{ "time": 1.3333, "x": 1, "y": 1 }
				]
			},
			"root": {
				"rotate": [
					{ "time": 0, "angle": 0, "curve": "stepped" },
					{ "time": 1.3333, "angle": 0 }
				],
				"translate": [
					{ "time": 0, "x": 0, "y": 0, "curve": "stepped" },
					{ "time": 1.3333, "x": 0, "y": 0 }
				],
				"scale": [
					{ "time": 0, "x": 1, "y": 1, "curve": "stepped" },
					{ "time": 1.3333, "x": 1, "y": 1 }
				]
			},
			"chan p": {
				"rotate": [
					{ "time": 0, "angle": 0, "curve": "stepped" },
					{ "time": 1.3333, "angle": 0 }
				],
				"translate": [
					{ "time": 0, "x": 0, "y": 0, "curve": "stepped" },
					{ "time": 1.3333, "x": 0, "y": 0 }
				],
				"scale": [
					{ "time": 0, "x": 1, "y": 1, "curve": "stepped" },
					{ "time": 1.3333, "x": 1, "y": 1 }
				]
			},
			"bone106": {
				"rotate": [
					{ "time": 0, "angle": -75.47 },
					{ "time": 0.5, "angle": -135.23 },
					{ "time": 1.3333, "angle": -75.47 }
				],
				"translate": [
					{ "time": 0, "x": 2928.88, "y": 276.31 },
					{ "time": 0.5, "x": 2387.35, "y": -263.93 },
					{ "time": 1.3333, "x": 2928.88, "y": 276.31 }
				]
			},
			"bone107": {
				"rotate": [
					{ "time": 0, "angle": -66.06 },
					{ "time": 0.5, "angle": -40.68 },
					{ "time": 1.3333, "angle": -66.06 }
				],
				"translate": [
					{ "time": 0, "x": 0, "y": 0, "curve": "stepped" },
					{ "time": 1.3333, "x": 0, "y": 0 }
				]
			},
			"bone108": {
				"rotate": [
					{ "time": 0, "angle": 38.67, "curve": "stepped" },
					{ "time": 0.4333, "angle": 38.67 },
					{ "time": 0.5333, "angle": -15.2 },
					{ "time": 1.3333, "angle": 0 }
				],
				"translate": [
					{ "time": 0, "x": 0, "y": 0, "curve": "stepped" },
					{ "time": 1.3333, "x": 0, "y": 0 }
				]
			},
			"bone109": {
				"rotate": [
					{ "time": 0, "angle": -36.46, "curve": "stepped" },
					{ "time": 0.4333, "angle": -36.46 },
					{ "time": 0.5333, "angle": 10.17 },
					{ "time": 1.3333, "angle": 0 }
				],
				"translate": [
					{ "time": 0, "x": 0, "y": 0, "curve": "stepped" },
					{ "time": 1.3333, "x": 0, "y": 0 }
				]
			},
			"bone110": {
				"rotate": [
					{ "time": 0, "angle": 0, "curve": "stepped" },
					{ "time": 1.3333, "angle": 0 }
				],
				"translate": [
					{ "time": 0, "x": 0, "y": 0, "curve": "stepped" },
					{ "time": 1.3333, "x": 0, "y": 0 }
				]
			}
		},
		"transform": {
			"dia thuc an": [
				{ "time": 0, "rotateMix": 0, "translateMix": 0, "scaleMix": 0, "shearMix": 0, "curve": "stepped" },
				{ "time": 0.4667, "rotateMix": 0, "translateMix": 0, "scaleMix": 0, "shearMix": 0, "curve": "stepped" },
				{ "time": 0.5333, "rotateMix": 0, "scaleMix": 0, "shearMix": 0, "curve": "stepped" },
				{ "time": 1.3333, "rotateMix": 0, "translateMix": 0, "scaleMix": 0, "shearMix": 0 }
			]
		},
		"deform": {
			"default": {
				"Layer_23": {
					"Layer_9": [
						{ "time": 0 }
					]
				}
			}
		}
	}
}
}