{
"skeleton": { "hash": "75CoXFi/gSjelNFe0bpf3/3CqwY", "spine": "3.5.30", "width": 615.05, "height": 1134.24, "images": "../Images/" },
"bones": [
	{ "name": "root" },
	{ "name": "Flower_Peduncle_01", "parent": "root", "length": 133.82, "rotation": 94.88, "x": 0.63, "y": 378 },
	{ "name": "Flower_Peduncle_02", "parent": "Flower_Peduncle_01", "length": 119.5, "rotation": -15.39, "x": 133.82 },
	{ "name": "Flower_Bud", "parent": "Flower_Peduncle_02", "x": 131.43, "y": -0.31 },
	{ "name": "Flower_Eye_01", "parent": "Flower_Bud", "x": 152.05, "y": -4.44 },
	{ "name": "Flower_Eye_02", "parent": "Flower_Eye_01", "x": 13.36, "y": -21.94 },
	{ "name": "Flower_L_Leaf_01", "parent": "Flower_Peduncle_02", "length": 72.18, "rotation": -47.47, "x": 107.01, "y": -16.45 },
	{ "name": "Flower_R_Leaf_01", "parent": "Flower_Peduncle_02", "length": 69.35, "rotation": 57.54, "x": 108.58, "y": 10.09 }
],
"slots": [
	{ "name": "Pot", "bone": "root", "attachment": "Pot" },
	{ "name": "Flower-01/Flower-01_L_Leaf", "bone": "Flower_R_Leaf_01", "attachment": "Flower-01/Flower-01_L_Leaf" },
	{ "name": "Flower-01/Flower-01_R_Leaf", "bone": "Flower_L_Leaf_01", "attachment": "Flower-01/Flower-01_R_Leaf" },
	{ "name": "Flower-01/Flower-01_Peduncle", "bone": "Flower_Peduncle_01", "attachment": "Flower-01/Flower-01_Peduncle" },
	{ "name": "Flower-01/Flower-01_Bud", "bone": "Flower_Bud", "attachment": "Flower-01/Flower-01_Bud-02" },
	{ "name": "Flower-01/Flower-01_Eye-01", "bone": "Flower_Eye_01", "attachment": "Flower-01/Flower-01_Eye-01" },
	{ "name": "Flower-01/Flower-01_Eye-02", "bone": "Flower_Eye_02", "attachment": "Flower-01/Flower-01_Eye-02" }
],
"skins": {
	"default": {
		"Flower-01/Flower-01_Bud": {
			"Flower-01/Flower-01_Bud-01": { "x": 51.46, "y": -0.24, "rotation": -79.5, "width": 112, "height": 145 },
			"Flower-01/Flower-01_Bud-02": { "x": 237.94, "y": -23.11, "rotation": -79.5, "width": 531, "height": 535 }
		},
		"Flower-01/Flower-01_Eye-01": {
			"Flower-01/Flower-01_Eye-01": { "x": 2.92, "y": -6.29, "rotation": -79.5, "width": 191, "height": 191 }
		},
		"Flower-01/Flower-01_Eye-02": {
			"Flower-01/Flower-01_Eye-02": { "x": 0.24, "y": -0.71, "rotation": -79.5, "width": 58, "height": 58 }
		},
		"Flower-01/Flower-01_L_Leaf": {
			"Flower-01/Flower-01_L_Leaf": { "x": 137.36, "y": 42.62, "rotation": -137.03, "width": 279, "height": 150 }
		},
		"Flower-01/Flower-01_Peduncle": {
			"Flower-01/Flower-01_Peduncle": {
				"type": "mesh",
				"uvs": [ 0.09287, 1, 0.91574, 1, 0.76823, 0.82035, 0.68304, 0.65782, 0.66451, 0.52224, 0.67034, 0.37793, 0.72184, 0.26028, 1, 0.08242, 1, 0, 0.39604, 0, 0.11062, 0.22846, 0.02769, 0.39696, 1.0E-5, 0.54476, 8.2E-4, 0.70186, 0.00159, 0.84969 ],
				"triangles": [ 0, 2, 1, 0, 14, 2, 14, 3, 2, 14, 13, 3, 13, 4, 3, 13, 12, 4, 12, 11, 4, 4, 11, 5, 11, 10, 5, 5, 10, 6, 10, 9, 6, 7, 6, 8, 6, 9, 8 ],
				"vertices": [ 2, 1, -9.31, 25.88, 0.99953, 2, -144.87, -13.03, 4.7E-4, 2, 1, -14.08, -29.87, 0.9956, 2, -134.67, -68.04, 0.0044, 2, 1, 37.43, -24.2, 0.97343, 2, -86.51, -48.91, 0.02657, 2, 1, 83.76, -22.35, 0.8589, 2, -42.34, -34.83, 0.1411, 2, 1, 122.09, -24.36, 0.61989, 2, -4.84, -26.59, 0.38011, 2, 1, 162.75, -28.23, 0.31216, 2, 35.38, -19.54, 0.68784, 2, 1, 195.63, -34.55, 0.09856, 2, 68.76, -16.91, 0.90144, 2, 1, 244.17, -57.68, 0.0165, 2, 121.7, -26.33, 0.9835, 2, 1, 267.41, -59.67, 4.0E-5, 2, 144.63, -22.08, 0.99996, 2, 1, 270.9, -18.75, 0.02044, 2, 137.14, 18.3, 0.97956, 2, 1, 208.14, 6.09, 0.09859, 2, 70.04, 25.6, 0.90141, 2, 1, 161.1, 15.77, 0.32099, 2, 22.12, 22.45, 0.67901, 2, 1, 119.59, 21.21, 0.61992, 2, -19.35, 16.67, 0.38008, 2, 1, 75.29, 24.94, 0.86773, 2, -63.05, 8.51, 0.13227, 2, 1, 33.6, 28.45, 0.97344, 2, -104.18, 0.83, 0.02656 ],
				"hull": 15,
				"edges": [ 0, 2, 14, 16, 16, 18, 18, 20, 0, 28, 24, 8, 12, 14, 20, 12, 2, 4, 28, 4, 24, 26, 26, 28, 4, 6, 6, 8, 26, 6, 20, 22, 22, 24, 8, 10, 10, 12, 22, 10 ],
				"width": 68,
				"height": 283
			}
		},
		"Flower-01/Flower-01_R_Leaf": {
			"Flower-01/Flower-01_R_Leaf": { "x": 134.87, "y": -35.11, "rotation": -32.03, "width": 295, "height": 150 }
		},
		"Pot": {
			"Pot": { "x": 2.47, "y": 215, "width": 435, "height": 423 }
		}
	}
},
"animations": {
	"Jump In": {
		"slots": {
			"Flower-01/Flower-01_Bud": {
				"attachment": [
					{ "time": 0, "name": "Flower-01/Flower-01_Bud-01" }
				]
			},
			"Flower-01/Flower-01_Eye-01": {
				"attachment": [
					{ "time": 0, "name": null }
				]
			},
			"Flower-01/Flower-01_Eye-02": {
				"attachment": [
					{ "time": 0, "name": null }
				]
			}
		},
		"bones": {
			"Flower_Eye_02": {
				"rotate": [
					{ "time": 0, "angle": 0, "curve": "stepped" },
					{ "time": 0.3333, "angle": 0, "curve": "stepped" },
					{ "time": 0.6667, "angle": 0, "curve": "stepped" },
					{ "time": 0.8, "angle": 0 }
				],
				"translate": [
					{ "time": 0, "x": 0, "y": 0, "curve": "stepped" },
					{ "time": 0.3333, "x": 0, "y": 0, "curve": "stepped" },
					{ "time": 0.6667, "x": 0, "y": 0, "curve": "stepped" },
					{ "time": 0.8, "x": 0, "y": 0 }
				],
				"scale": [
					{ "time": 0, "x": 1, "y": 1, "curve": "stepped" },
					{ "time": 0.3333, "x": 1, "y": 1, "curve": "stepped" },
					{ "time": 0.6667, "x": 1, "y": 1, "curve": "stepped" },
					{ "time": 0.8, "x": 1, "y": 1 }
				]
			},
			"Flower_Eye_01": {
				"rotate": [
					{ "time": 0, "angle": 0, "curve": "stepped" },
					{ "time": 0.3333, "angle": 0, "curve": "stepped" },
					{ "time": 0.6667, "angle": 0, "curve": "stepped" },
					{ "time": 0.8, "angle": 0 }
				],
				"translate": [
					{ "time": 0, "x": 0, "y": 0, "curve": "stepped" },
					{ "time": 0.3333, "x": 0, "y": 0, "curve": "stepped" },
					{ "time": 0.6667, "x": 0, "y": 0, "curve": "stepped" },
					{ "time": 0.8, "x": 0, "y": 0 }
				],
				"scale": [
					{ "time": 0, "x": 1, "y": 1, "curve": "stepped" },
					{ "time": 0.3333, "x": 1, "y": 1, "curve": "stepped" },
					{ "time": 0.6667, "x": 1, "y": 1, "curve": "stepped" },
					{ "time": 0.8, "x": 1, "y": 1 }
				]
			},
			"Flower_Bud": {
				"rotate": [
					{ "time": 0, "angle": 0 },
					{ "time": 0.3333, "angle": 16.11 },
					{ "time": 0.5, "angle": 11.01 },
					{ "time": 0.6667, "angle": 3.41 },
					{ "time": 0.8, "angle": 0 }
				],
				"translate": [
					{ "time": 0, "x": 0, "y": 0, "curve": "stepped" },
					{ "time": 0.3333, "x": 0, "y": 0, "curve": "stepped" },
					{ "time": 0.6667, "x": 0, "y": 0, "curve": "stepped" },
					{ "time": 0.8, "x": 0, "y": 0 }
				],
				"scale": [
					{ "time": 0, "x": 1, "y": 1, "curve": "stepped" },
					{ "time": 0.3333, "x": 1, "y": 1, "curve": "stepped" },
					{ "time": 0.6667, "x": 1, "y": 1, "curve": "stepped" },
					{ "time": 0.8, "x": 1, "y": 1 }
				]
			},
			"root": {
				"rotate": [
					{ "time": 0, "angle": 0, "curve": "stepped" },
					{ "time": 0.3333, "angle": 0, "curve": "stepped" },
					{ "time": 0.6667, "angle": 0, "curve": "stepped" },
					{ "time": 0.8, "angle": 0 }
				],
				"translate": [
					{ "time": 0, "x": 0, "y": 2763.64 },
					{ "time": 0.2, "x": 0, "y": 0, "curve": "stepped" },
					{ "time": 0.3333, "x": 0, "y": 0, "curve": "stepped" },
					{ "time": 0.6667, "x": 0, "y": 0, "curve": "stepped" },
					{ "time": 0.8, "x": 0, "y": 0 }
				],
				"scale": [
					{ "time": 0, "x": 1, "y": 1, "curve": "stepped" },
					{ "time": 0.3333, "x": 1, "y": 1, "curve": "stepped" },
					{ "time": 0.6667, "x": 1, "y": 1, "curve": "stepped" },
					{ "time": 0.8, "x": 1, "y": 1 }
				]
			},
			"Flower_Peduncle_01": {
				"rotate": [
					{ "time": 0, "angle": -4.4 },
					{ "time": 0.0667, "angle": -7.17 },
					{ "time": 0.1333, "angle": 0 },
					{ "time": 0.2, "angle": -4.75 },
					{ "time": 0.3333, "angle": 8.32 },
					{ "time": 0.6667, "angle": -1.97 },
					{ "time": 0.8, "angle": 0 }
				],
				"translate": [
					{ "time": 0, "x": 0, "y": 0, "curve": "stepped" },
					{ "time": 0.3333, "x": 0, "y": 0, "curve": "stepped" },
					{ "time": 0.6667, "x": 0, "y": 0, "curve": "stepped" },
					{ "time": 0.8, "x": 0, "y": 0 }
				],
				"scale": [
					{ "time": 0, "x": 1, "y": 1, "curve": "stepped" },
					{ "time": 0.3333, "x": 1, "y": 1, "curve": "stepped" },
					{ "time": 0.6667, "x": 1, "y": 1, "curve": "stepped" },
					{ "time": 0.8, "x": 1, "y": 1 }
				]
			},
			"Flower_Peduncle_02": {
				"rotate": [
					{ "time": 0, "angle": 14.73 },
					{ "time": 0.0667, "angle": 21.9 },
					{ "time": 0.1333, "angle": 8.62 },
					{ "time": 0.2, "angle": 15.4 },
					{ "time": 0.3333, "angle": -7.09 },
					{ "time": 0.5, "angle": 17.66 },
					{ "time": 0.6667, "angle": -0.11 },
					{ "time": 0.8, "angle": 0 }
				],
				"translate": [
					{ "time": 0, "x": 0, "y": 0, "curve": "stepped" },
					{ "time": 0.3333, "x": 0, "y": 0, "curve": "stepped" },
					{ "time": 0.6667, "x": 0, "y": 0, "curve": "stepped" },
					{ "time": 0.8, "x": 0, "y": 0 }
				],
				"scale": [
					{ "time": 0, "x": 1, "y": 1, "curve": "stepped" },
					{ "time": 0.3333, "x": 1, "y": 1, "curve": "stepped" },
					{ "time": 0.6667, "x": 1, "y": 1, "curve": "stepped" },
					{ "time": 0.8, "x": 1, "y": 1 }
				]
			},
			"Flower_L_Leaf_01": {
				"rotate": [
					{ "time": 0, "angle": 0 },
					{ "time": 0.2, "angle": 45.8 },
					{ "time": 0.3333, "angle": 14.07 },
					{ "time": 0.5, "angle": 1.27 },
					{ "time": 0.6667, "angle": 20.78 },
					{ "time": 0.8, "angle": 0 }
				],
				"translate": [
					{ "time": 0, "x": 0, "y": 0, "curve": "stepped" },
					{ "time": 0.3333, "x": 0, "y": 0, "curve": "stepped" },
					{ "time": 0.6667, "x": 0, "y": 0, "curve": "stepped" },
					{ "time": 0.8, "x": 0, "y": 0 }
				],
				"scale": [
					{ "time": 0, "x": 1, "y": 1, "curve": "stepped" },
					{ "time": 0.3333, "x": 1, "y": 1, "curve": "stepped" },
					{ "time": 0.6667, "x": 1, "y": 1, "curve": "stepped" },
					{ "time": 0.8, "x": 1, "y": 1 }
				]
			},
			"Flower_R_Leaf_01": {
				"rotate": [
					{ "time": 0, "angle": 0 },
					{ "time": 0.2, "angle": -48.17 },
					{ "time": 0.3333, "angle": -20.37 },
					{ "time": 0.5, "angle": -37.91 },
					{ "time": 0.6667, "angle": -2.73 },
					{ "time": 0.8, "angle": 0 }
				],
				"translate": [
					{ "time": 0, "x": 0, "y": 0, "curve": "stepped" },
					{ "time": 0.3333, "x": 0, "y": 0, "curve": "stepped" },
					{ "time": 0.6667, "x": 0, "y": 0, "curve": "stepped" },
					{ "time": 0.8, "x": 0, "y": 0 }
				],
				"scale": [
					{ "time": 0, "x": 1, "y": 1, "curve": "stepped" },
					{ "time": 0.3333, "x": 1, "y": 1, "curve": "stepped" },
					{ "time": 0.6667, "x": 1, "y": 1, "curve": "stepped" },
					{ "time": 0.8, "x": 1, "y": 1 }
				]
			}
		}
	},
	"Pud-01_Idle": {
		"slots": {
			"Flower-01/Flower-01_Bud": {
				"attachment": [
					{ "time": 0, "name": "Flower-01/Flower-01_Bud-01" },
					{ "time": 0.9333, "name": "Flower-01/Flower-01_Bud-01" }
				]
			},
			"Flower-01/Flower-01_Eye-01": {
				"attachment": [
					{ "time": 0, "name": null },
					{ "time": 0.9333, "name": null }
				]
			},
			"Flower-01/Flower-01_Eye-02": {
				"attachment": [
					{ "time": 0, "name": null },
					{ "time": 0.9333, "name": null }
				]
			}
		},
		"bones": {
			"Flower_Eye_02": {
				"rotate": [
					{ "time": 0, "angle": 0, "curve": "stepped" },
					{ "time": 0.9333, "angle": 0 }
				],
				"translate": [
					{ "time": 0, "x": 0, "y": 0, "curve": "stepped" },
					{ "time": 0.9333, "x": 0, "y": 0 }
				],
				"scale": [
					{ "time": 0, "x": 1, "y": 1, "curve": "stepped" },
					{ "time": 0.9333, "x": 1, "y": 1 }
				]
			},
			"Flower_Eye_01": {
				"rotate": [
					{ "time": 0, "angle": 0, "curve": "stepped" },
					{ "time": 0.9333, "angle": 0 }
				],
				"translate": [
					{ "time": 0, "x": 0, "y": 0, "curve": "stepped" },
					{ "time": 0.9333, "x": 0, "y": 0 }
				],
				"scale": [
					{ "time": 0, "x": 1, "y": 1, "curve": "stepped" },
					{ "time": 0.9333, "x": 1, "y": 1 }
				]
			},
			"Flower_Bud": {
				"rotate": [
					{ "time": 0, "angle": 0 },
					{ "time": 0.2333, "angle": -10.95 },
					{ "time": 0.4667, "angle": -18.22 },
					{ "time": 0.7, "angle": 26.04 },
					{ "time": 0.9333, "angle": 0 }
				],
				"translate": [
					{ "time": 0, "x": 0, "y": 0, "curve": "stepped" },
					{ "time": 0.9333, "x": 0, "y": 0 }
				],
				"scale": [
					{ "time": 0, "x": 1, "y": 1, "curve": "stepped" },
					{ "time": 0.9333, "x": 1, "y": 1 }
				]
			},
			"root": {
				"rotate": [
					{ "time": 0, "angle": 0, "curve": "stepped" },
					{ "time": 0.9333, "angle": 0 }
				],
				"translate": [
					{ "time": 0, "x": 0, "y": 0, "curve": "stepped" },
					{ "time": 0.9333, "x": 0, "y": 0 }
				],
				"scale": [
					{ "time": 0, "x": 1, "y": 1, "curve": "stepped" },
					{ "time": 0.9333, "x": 1, "y": 1 }
				]
			},
			"Flower_Peduncle_01": {
				"rotate": [
					{ "time": 0, "angle": 0 },
					{ "time": 0.2333, "angle": 8.22 },
					{ "time": 0.4667, "angle": -0.01 },
					{ "time": 0.7, "angle": 2.55 },
					{ "time": 0.9333, "angle": 0 }
				],
				"translate": [
					{ "time": 0, "x": 0, "y": 0, "curve": "stepped" },
					{ "time": 0.9333, "x": 0, "y": 0 }
				],
				"scale": [
					{ "time": 0, "x": 1, "y": 1, "curve": "stepped" },
					{ "time": 0.9333, "x": 1, "y": 1 }
				]
			},
			"Flower_Peduncle_02": {
				"rotate": [
					{ "time": 0, "angle": 0 },
					{ "time": 0.2333, "angle": -4.7 },
					{ "time": 0.4667, "angle": 21.6 },
					{ "time": 0.7, "angle": 1.43 },
					{ "time": 0.9333, "angle": 0 }
				],
				"translate": [
					{ "time": 0, "x": 0, "y": 0, "curve": "stepped" },
					{ "time": 0.9333, "x": 0, "y": 0 }
				],
				"scale": [
					{ "time": 0, "x": 1, "y": 1, "curve": "stepped" },
					{ "time": 0.9333, "x": 1, "y": 1 }
				]
			},
			"Flower_L_Leaf_01": {
				"rotate": [
					{ "time": 0, "angle": 0 },
					{ "time": 0.2333, "angle": 6 },
					{ "time": 0.7, "angle": 18.81 },
					{ "time": 0.9333, "angle": 0 }
				],
				"translate": [
					{ "time": 0, "x": 0, "y": 0, "curve": "stepped" },
					{ "time": 0.9333, "x": 0, "y": 0 }
				],
				"scale": [
					{ "time": 0, "x": 1, "y": 1, "curve": "stepped" },
					{ "time": 0.9333, "x": 1, "y": 1 }
				]
			},
			"Flower_R_Leaf_01": {
				"rotate": [
					{ "time": 0, "angle": 0 },
					{ "time": 0.2333, "angle": -12.8 },
					{ "time": 0.7, "angle": 15.68 },
					{ "time": 0.9333, "angle": 0 }
				],
				"translate": [
					{ "time": 0, "x": 0, "y": 0, "curve": "stepped" },
					{ "time": 0.9333, "x": 0, "y": 0 }
				],
				"scale": [
					{ "time": 0, "x": 1, "y": 1, "curve": "stepped" },
					{ "time": 0.9333, "x": 1, "y": 1 }
				]
			}
		}
	},
	"Pud-01_Transform": {
		"slots": {
			"Flower-01/Flower-01_Bud": {
				"attachment": [
					{ "time": 0, "name": "Flower-01/Flower-01_Bud-01" },
					{ "time": 0.2667, "name": "Flower-01/Flower-01_Bud-01" },
					{ "time": 0.3667, "name": "Flower-01/Flower-01_Bud-02" }
				]
			},
			"Flower-01/Flower-01_Eye-01": {
				"attachment": [
					{ "time": 0, "name": null },
					{ "time": 0.4667, "name": "Flower-01/Flower-01_Eye-01" }
				]
			},
			"Flower-01/Flower-01_Eye-02": {
				"attachment": [
					{ "time": 0, "name": null },
					{ "time": 0.4667, "name": "Flower-01/Flower-01_Eye-02" }
				]
			}
		},
		"bones": {
			"Flower_Eye_02": {
				"rotate": [
					{ "time": 0, "angle": 0, "curve": "stepped" },
					{ "time": 0.4667, "angle": 0, "curve": "stepped" },
					{ "time": 0.6, "angle": 0 }
				],
				"translate": [
					{ "time": 0, "x": 0, "y": 0, "curve": "stepped" },
					{ "time": 0.4667, "x": 0, "y": 0, "curve": "stepped" },
					{ "time": 0.6, "x": 0, "y": 0 }
				],
				"scale": [
					{ "time": 0, "x": 1, "y": 1, "curve": "stepped" },
					{ "time": 0.4667, "x": 1, "y": 1, "curve": "stepped" },
					{ "time": 0.6, "x": 1, "y": 1 }
				]
			},
			"Flower_Eye_01": {
				"rotate": [
					{ "time": 0, "angle": 0, "curve": "stepped" },
					{ "time": 0.4667, "angle": 0, "curve": "stepped" },
					{ "time": 0.6, "angle": 0 }
				],
				"translate": [
					{ "time": 0, "x": 0, "y": 0, "curve": "stepped" },
					{ "time": 0.4667, "x": 0, "y": 0, "curve": "stepped" },
					{ "time": 0.6, "x": 0, "y": 0 }
				],
				"scale": [
					{ "time": 0, "x": 1, "y": 1 },
					{ "time": 0.4667, "x": 0.25, "y": 0.25 },
					{ "time": 0.6, "x": 1, "y": 1 }
				]
			},
			"Flower_Bud": {
				"rotate": [
					{ "time": 0, "angle": 0, "curve": "stepped" },
					{ "time": 0.6, "angle": 0 }
				],
				"translate": [
					{ "time": 0, "x": 0, "y": 0, "curve": "stepped" },
					{ "time": 0.6, "x": 0, "y": 0 }
				],
				"scale": [
					{ "time": 0, "x": 1, "y": 1 },
					{ "time": 0.2, "x": 1.225, "y": 1.225 },
					{ "time": 0.2667, "x": 0.69, "y": 0.69 },
					{ "time": 0.3333, "x": 0.667, "y": 0.667, "curve": "stepped" },
					{ "time": 0.3667, "x": 0.204, "y": 0.204 },
					{ "time": 0.6, "x": 1, "y": 1 }
				]
			},
			"root": {
				"rotate": [
					{ "time": 0, "angle": 0, "curve": "stepped" },
					{ "time": 0.6, "angle": 0 }
				],
				"translate": [
					{ "time": 0, "x": 0, "y": 0, "curve": "stepped" },
					{ "time": 0.6, "x": 0, "y": 0 }
				],
				"scale": [
					{ "time": 0, "x": 1, "y": 1, "curve": "stepped" },
					{ "time": 0.6, "x": 1, "y": 1 }
				]
			},
			"Flower_Peduncle_01": {
				"rotate": [
					{ "time": 0, "angle": 0 },
					{ "time": 0.2, "angle": -3.61 },
					{ "time": 0.2667, "angle": -1.11 },
					{ "time": 0.6, "angle": 0 }
				],
				"translate": [
					{ "time": 0, "x": 0, "y": 0, "curve": "stepped" },
					{ "time": 0.6, "x": 0, "y": 0 }
				],
				"scale": [
					{ "time": 0, "x": 1, "y": 1, "curve": "stepped" },
					{ "time": 0.6, "x": 1, "y": 1 }
				]
			},
			"Flower_Peduncle_02": {
				"rotate": [
					{ "time": 0, "angle": 0 },
					{ "time": 0.2, "angle": 10.94 },
					{ "time": 0.6, "angle": 0 }
				],
				"translate": [
					{ "time": 0, "x": 0, "y": 0 },
					{ "time": 0.2, "x": -46.39, "y": 1.03 },
					{ "time": 0.2667, "x": -54.01, "y": -6.26 },
					{ "time": 0.6, "x": 0, "y": 0 }
				],
				"scale": [
					{ "time": 0, "x": 1, "y": 1, "curve": "stepped" },
					{ "time": 0.6, "x": 1, "y": 1 }
				]
			},
			"Flower_L_Leaf_01": {
				"rotate": [
					{ "time": 0, "angle": 0 },
					{ "time": 0.2, "angle": 18.1 },
					{ "time": 0.2667, "angle": 40.9 },
					{ "time": 0.5333, "angle": 0, "curve": "stepped" },
					{ "time": 0.6, "angle": 0 }
				],
				"translate": [
					{ "time": 0, "x": 0, "y": 0, "curve": "stepped" },
					{ "time": 0.5333, "x": 0, "y": 0, "curve": "stepped" },
					{ "time": 0.6, "x": 0, "y": 0 }
				],
				"scale": [
					{ "time": 0, "x": 1, "y": 1 },
					{ "time": 0.2, "x": 1.1, "y": 1.1 },
					{ "time": 0.2667, "x": 0.548, "y": 0.548 },
					{ "time": 0.5333, "x": 1, "y": 1 },
					{ "time": 0.6, "x": 1.031, "y": 1.031 }
				]
			},
			"Flower_R_Leaf_01": {
				"rotate": [
					{ "time": 0, "angle": 0 },
					{ "time": 0.2, "angle": -27.47 },
					{ "time": 0.2667, "angle": -53.92 },
					{ "time": 0.5333, "angle": 0, "curve": "stepped" },
					{ "time": 0.6, "angle": 0 }
				],
				"translate": [
					{ "time": 0, "x": 0, "y": 0, "curve": "stepped" },
					{ "time": 0.5333, "x": 0, "y": 0, "curve": "stepped" },
					{ "time": 0.6, "x": 0, "y": 0 }
				],
				"scale": [
					{ "time": 0, "x": 1, "y": 1 },
					{ "time": 0.2, "x": 1.1, "y": 1.1 },
					{ "time": 0.2667, "x": 0.54, "y": 0.54 },
					{ "time": 0.5333, "x": 1, "y": 1 },
					{ "time": 0.6, "x": 1.031, "y": 1.031 }
				]
			}
		}
	},
	"Jump out": {
		"bones": {
			"root": {
				"rotate": [
					{ "time": 0, "angle": 0, "curve": "stepped" },
					{
						"time": 0.1333,
						"angle": 0,
						"curve": [ 0.25, 0, 0.75, 1 ]
					},
					{
						"time": 0.2667,
						"angle": 15.21,
						"curve": [ 0.25, 0, 0.75, 1 ]
					},
					{
						"time": 0.5333,
						"angle": -11.2,
						"curve": [ 0.25, 0, 0.75, 1 ]
					},
					{
						"time": 0.6667,
						"angle": 0,
						"curve": [ 0.25, 0, 0.75, 1 ]
					},
					{
						"time": 0.8,
						"angle": 15.21,
						"curve": [ 0.25, 0, 0.75, 1 ]
					},
					{
						"time": 1.0667,
						"angle": -11.2,
						"curve": [ 0.25, 0, 0.75, 1 ]
					},
					{
						"time": 1.2,
						"angle": 0,
						"curve": [ 0.25, 0, 0.75, 1 ]
					},
					{
						"time": 1.3333,
						"angle": 15.21,
						"curve": [ 0.25, 0, 0.75, 1 ]
					},
					{
						"time": 1.6,
						"angle": -11.2,
						"curve": [ 0.25, 0, 0.75, 1 ]
					},
					{ "time": 1.7333, "angle": 0 }
				],
				"translate": [
					{ "time": 0, "x": 0, "y": 0, "curve": "stepped" },
					{
						"time": 0.1333,
						"x": 0,
						"y": 0,
						"curve": [ 0.25, 0, 0.75, 1 ]
					},
					{
						"time": 0.2667,
						"x": -303.41,
						"y": 493.72,
						"curve": [ 0.25, 0, 0.75, 1 ]
					},
					{
						"time": 0.4,
						"x": -606.83,
						"y": 561.15,
						"curve": [ 0.25, 0, 0.75, 1 ]
					},
					{
						"time": 0.5333,
						"x": -936.34,
						"y": 454.58,
						"curve": [ 0.25, 0, 0.75, 1 ]
					},
					{
						"time": 0.6667,
						"x": -1213.65,
						"y": 0,
						"curve": [ 0.25, 0, 0.75, 1 ]
					},
					{
						"time": 0.8,
						"x": -1517.24,
						"y": 493.7,
						"curve": [ 0.25, 0, 0.75, 1 ]
					},
					{
						"time": 0.9333,
						"x": -1820.82,
						"y": 561.1,
						"curve": [ 0.25, 0, 0.75, 1 ]
					},
					{
						"time": 1.0667,
						"x": -2124.41,
						"y": 493.7,
						"curve": [ 0.25, 0, 0.75, 1 ]
					},
					{
						"time": 1.2,
						"x": -2428,
						"y": 0,
						"curve": [ 0.25, 0, 0.75, 1 ]
					},
					{
						"time": 1.3333,
						"x": -2826.54,
						"y": 407.27,
						"curve": [ 0.25, 0, 0.75, 1 ]
					},
					{
						"time": 1.4667,
						"x": -3035,
						"y": 561.1,
						"curve": [ 0.25, 0, 0.75, 1 ]
					},
					{
						"time": 1.6,
						"x": -3269.86,
						"y": 407.27,
						"curve": [ 0.25, 0, 0.75, 1 ]
					},
					{ "time": 1.7333, "x": -3642, "y": 0 }
				],
				"scale": [
					{
						"time": 0,
						"x": 1,
						"y": 1,
						"curve": [ 0.25, 0, 0.75, 1 ]
					},
					{
						"time": 0.1333,
						"x": 1,
						"y": 0.9,
						"curve": [ 0.25, 0, 0.75, 1 ]
					},
					{
						"time": 0.2667,
						"x": 1,
						"y": 1.1,
						"curve": [ 0.25, 0, 0.75, 1 ]
					},
					{
						"time": 0.4,
						"x": 1,
						"y": 1,
						"curve": [ 0.25, 0, 0.75, 1 ]
					},
					{
						"time": 0.5333,
						"x": 1,
						"y": 1.1,
						"curve": [ 0.25, 0, 0.75, 1 ]
					},
					{
						"time": 0.6667,
						"x": 1,
						"y": 0.9,
						"curve": [ 0.25, 0, 0.75, 1 ]
					},
					{
						"time": 0.8,
						"x": 1,
						"y": 1.1,
						"curve": [ 0.25, 0, 0.75, 1 ]
					},
					{
						"time": 0.9333,
						"x": 1,
						"y": 1,
						"curve": [ 0.25, 0, 0.75, 1 ]
					},
					{
						"time": 1.0667,
						"x": 1,
						"y": 1.1,
						"curve": [ 0.25, 0, 0.75, 1 ]
					},
					{
						"time": 1.2,
						"x": 1,
						"y": 0.9,
						"curve": [ 0.25, 0, 0.75, 1 ]
					},
					{
						"time": 1.3333,
						"x": 1,
						"y": 1.1,
						"curve": [ 0.25, 0, 0.75, 1 ]
					},
					{
						"time": 1.4667,
						"x": 1,
						"y": 1,
						"curve": [ 0.25, 0, 0.75, 1 ]
					},
					{
						"time": 1.6,
						"x": 1,
						"y": 1.1,
						"curve": [ 0.25, 0, 0.75, 1 ]
					},
					{ "time": 1.7333, "x": 1, "y": 0.9 }
				]
			},
			"Flower_Peduncle_01": {
				"rotate": [
					{ "time": 0, "angle": 0, "curve": "stepped" },
					{
						"time": 0.1333,
						"angle": 0,
						"curve": [ 0.25, 0, 0.75, 1 ]
					},
					{
						"time": 0.2667,
						"angle": -13.36,
						"curve": [ 0.25, 0, 0.75, 1 ]
					},
					{
						"time": 0.4,
						"angle": -6.74,
						"curve": [ 0.25, 0, 0.75, 1 ]
					},
					{
						"time": 0.5333,
						"angle": -13.27,
						"curve": [ 0.25, 0, 0.75, 1 ]
					},
					{
						"time": 0.6667,
						"angle": 0,
						"curve": [ 0.25, 0, 0.75, 1 ]
					},
					{
						"time": 0.8,
						"angle": -13.36,
						"curve": [ 0.25, 0, 0.75, 1 ]
					},
					{
						"time": 0.9333,
						"angle": -6.74,
						"curve": [ 0.25, 0, 0.75, 1 ]
					},
					{
						"time": 1.0667,
						"angle": -13.27,
						"curve": [ 0.25, 0, 0.75, 1 ]
					},
					{
						"time": 1.2,
						"angle": 0,
						"curve": [ 0.25, 0, 0.75, 1 ]
					},
					{
						"time": 1.3333,
						"angle": -13.36,
						"curve": [ 0.25, 0, 0.75, 1 ]
					},
					{
						"time": 1.4667,
						"angle": -6.74,
						"curve": [ 0.25, 0, 0.75, 1 ]
					},
					{
						"time": 1.6,
						"angle": -13.27,
						"curve": [ 0.25, 0, 0.75, 1 ]
					},
					{ "time": 1.7333, "angle": -3.84 }
				],
				"translate": [
					{ "time": 0, "x": 0, "y": 0, "curve": "stepped" },
					{ "time": 0.1333, "x": 0, "y": 0, "curve": "stepped" },
					{ "time": 0.6667, "x": 0, "y": 0, "curve": "stepped" },
					{ "time": 1.2, "x": 0, "y": 0, "curve": "stepped" },
					{ "time": 1.7333, "x": 0, "y": 0 }
				],
				"scale": [
					{ "time": 0, "x": 1, "y": 1, "curve": "stepped" },
					{ "time": 0.1333, "x": 1, "y": 1, "curve": "stepped" },
					{ "time": 0.6667, "x": 1, "y": 1, "curve": "stepped" },
					{ "time": 1.2, "x": 1, "y": 1, "curve": "stepped" },
					{ "time": 1.7333, "x": 1, "y": 1 }
				]
			},
			"Flower_Peduncle_02": {
				"rotate": [
					{ "time": 0, "angle": 0, "curve": "stepped" },
					{
						"time": 0.1333,
						"angle": 0,
						"curve": [ 0.25, 0, 0.75, 1 ]
					},
					{
						"time": 0.4,
						"angle": 5.06,
						"curve": [ 0.25, 0, 0.75, 1 ]
					},
					{
						"time": 0.5333,
						"angle": 16.73,
						"curve": [ 0.25, 0, 0.75, 1 ]
					},
					{
						"time": 0.6667,
						"angle": 0,
						"curve": [ 0.25, 0, 0.75, 1 ]
					},
					{
						"time": 0.9333,
						"angle": 5.06,
						"curve": [ 0.25, 0, 0.75, 1 ]
					},
					{
						"time": 1.0667,
						"angle": 16.73,
						"curve": [ 0.25, 0, 0.75, 1 ]
					},
					{
						"time": 1.2,
						"angle": 0,
						"curve": [ 0.25, 0, 0.75, 1 ]
					},
					{
						"time": 1.4667,
						"angle": 5.06,
						"curve": [ 0.25, 0, 0.75, 1 ]
					},
					{
						"time": 1.6,
						"angle": 16.73,
						"curve": [ 0.25, 0, 0.75, 1 ]
					},
					{ "time": 1.7333, "angle": 7.15 }
				],
				"translate": [
					{ "time": 0, "x": 0, "y": 0, "curve": "stepped" },
					{ "time": 0.1333, "x": 0, "y": 0, "curve": "stepped" },
					{ "time": 0.6667, "x": 0, "y": 0, "curve": "stepped" },
					{ "time": 1.2, "x": 0, "y": 0, "curve": "stepped" },
					{ "time": 1.7333, "x": 0, "y": 0 }
				],
				"scale": [
					{ "time": 0, "x": 1, "y": 1, "curve": "stepped" },
					{ "time": 0.1333, "x": 1, "y": 1, "curve": "stepped" },
					{ "time": 0.6667, "x": 1, "y": 1, "curve": "stepped" },
					{ "time": 1.2, "x": 1, "y": 1, "curve": "stepped" },
					{ "time": 1.7333, "x": 1, "y": 1 }
				]
			},
			"Flower_L_Leaf_01": {
				"rotate": [
					{ "time": 0, "angle": 0, "curve": "stepped" },
					{
						"time": 0.1333,
						"angle": 0,
						"curve": [ 0.25, 0, 0.75, 1 ]
					},
					{
						"time": 0.2667,
						"angle": -10.03,
						"curve": [ 0.25, 0, 0.75, 1 ]
					},
					{
						"time": 0.4,
						"angle": 6.71,
						"curve": [ 0.25, 0, 0.75, 1 ]
					},
					{
						"time": 0.5333,
						"angle": 13.8,
						"curve": [ 0.25, 0, 0.75, 1 ]
					},
					{
						"time": 0.6667,
						"angle": 0,
						"curve": [ 0.25, 0, 0.75, 1 ]
					},
					{
						"time": 0.8,
						"angle": -10.03,
						"curve": [ 0.25, 0, 0.75, 1 ]
					},
					{
						"time": 0.9333,
						"angle": 6.71,
						"curve": [ 0.25, 0, 0.75, 1 ]
					},
					{
						"time": 1.0667,
						"angle": 13.8,
						"curve": [ 0.25, 0, 0.75, 1 ]
					},
					{
						"time": 1.2,
						"angle": 0,
						"curve": [ 0.25, 0, 0.75, 1 ]
					},
					{
						"time": 1.3333,
						"angle": -10.03,
						"curve": [ 0.25, 0, 0.75, 1 ]
					},
					{
						"time": 1.4667,
						"angle": 6.71,
						"curve": [ 0.25, 0, 0.75, 1 ]
					},
					{
						"time": 1.6,
						"angle": 13.8,
						"curve": [ 0.25, 0, 0.75, 1 ]
					},
					{ "time": 1.7333, "angle": -2.17 }
				],
				"translate": [
					{ "time": 0, "x": 0, "y": 0, "curve": "stepped" },
					{ "time": 0.1333, "x": 0, "y": 0, "curve": "stepped" },
					{ "time": 0.6667, "x": 0, "y": 0, "curve": "stepped" },
					{ "time": 1.2, "x": 0, "y": 0, "curve": "stepped" },
					{ "time": 1.7333, "x": 0, "y": 0 }
				],
				"scale": [
					{ "time": 0, "x": 1, "y": 1, "curve": "stepped" },
					{ "time": 0.1333, "x": 1, "y": 1, "curve": "stepped" },
					{ "time": 0.6667, "x": 1, "y": 1, "curve": "stepped" },
					{ "time": 1.2, "x": 1, "y": 1, "curve": "stepped" },
					{ "time": 1.7333, "x": 1, "y": 1 }
				]
			},
			"Flower_R_Leaf_01": {
				"rotate": [
					{ "time": 0, "angle": 0, "curve": "stepped" },
					{
						"time": 0.1333,
						"angle": 0,
						"curve": [ 0.25, 0, 0.75, 1 ]
					},
					{
						"time": 0.2667,
						"angle": -17.75,
						"curve": [ 0.25, 0, 0.75, 1 ]
					},
					{
						"time": 0.5333,
						"angle": -24.92,
						"curve": [ 0.25, 0, 0.75, 1 ]
					},
					{
						"time": 0.6667,
						"angle": 0,
						"curve": [ 0.25, 0, 0.75, 1 ]
					},
					{
						"time": 0.8,
						"angle": -17.75,
						"curve": [ 0.25, 0, 0.75, 1 ]
					},
					{
						"time": 1.0667,
						"angle": -24.92,
						"curve": [ 0.25, 0, 0.75, 1 ]
					},
					{
						"time": 1.2,
						"angle": 0,
						"curve": [ 0.25, 0, 0.75, 1 ]
					},
					{
						"time": 1.3333,
						"angle": -17.75,
						"curve": [ 0.25, 0, 0.75, 1 ]
					},
					{
						"time": 1.6,
						"angle": -24.92,
						"curve": [ 0.25, 0, 0.75, 1 ]
					},
					{ "time": 1.7333, "angle": -5.29 }
				],
				"translate": [
					{ "time": 0, "x": 0, "y": 0, "curve": "stepped" },
					{ "time": 0.1333, "x": 0, "y": 0, "curve": "stepped" },
					{ "time": 0.6667, "x": 0, "y": 0, "curve": "stepped" },
					{ "time": 1.2, "x": 0, "y": 0, "curve": "stepped" },
					{ "time": 1.7333, "x": 0, "y": 0 }
				],
				"scale": [
					{ "time": 0, "x": 1, "y": 1, "curve": "stepped" },
					{ "time": 0.1333, "x": 1, "y": 1, "curve": "stepped" },
					{ "time": 0.6667, "x": 1, "y": 1, "curve": "stepped" },
					{ "time": 1.2, "x": 1, "y": 1, "curve": "stepped" },
					{ "time": 1.7333, "x": 1, "y": 1 }
				]
			},
			"Flower_Bud": {
				"rotate": [
					{ "time": 0, "angle": 0, "curve": "stepped" },
					{ "time": 0.1333, "angle": 0, "curve": "stepped" },
					{ "time": 0.6667, "angle": 0, "curve": "stepped" },
					{ "time": 1.2, "angle": 0, "curve": "stepped" },
					{ "time": 1.7333, "angle": 0 }
				],
				"translate": [
					{ "time": 0, "x": 0, "y": 0, "curve": "stepped" },
					{ "time": 0.1333, "x": 0, "y": 0, "curve": "stepped" },
					{ "time": 0.6667, "x": 0, "y": 0, "curve": "stepped" },
					{ "time": 1.2, "x": 0, "y": 0, "curve": "stepped" },
					{ "time": 1.7333, "x": 0, "y": 0 }
				],
				"scale": [
					{ "time": 0, "x": 1, "y": 1, "curve": "stepped" },
					{ "time": 0.1333, "x": 1, "y": 1, "curve": "stepped" },
					{ "time": 0.6667, "x": 1, "y": 1, "curve": "stepped" },
					{ "time": 1.2, "x": 1, "y": 1, "curve": "stepped" },
					{ "time": 1.7333, "x": 1, "y": 1 }
				]
			},
			"Flower_Eye_01": {
				"rotate": [
					{ "time": 0, "angle": 0, "curve": "stepped" },
					{ "time": 0.1333, "angle": 0, "curve": "stepped" },
					{ "time": 0.6667, "angle": 0, "curve": "stepped" },
					{ "time": 1.2, "angle": 0, "curve": "stepped" },
					{ "time": 1.7333, "angle": 0 }
				],
				"translate": [
					{ "time": 0, "x": 0, "y": 0, "curve": "stepped" },
					{
						"time": 0.1333,
						"x": 0,
						"y": 0,
						"curve": [ 0.25, 0, 0.75, 1 ]
					},
					{
						"time": 0.2667,
						"x": 30.83,
						"y": 30.63,
						"curve": [ 0.25, 0, 0.75, 1 ]
					},
					{
						"time": 0.6667,
						"x": 0,
						"y": 0,
						"curve": [ 0.25, 0, 0.75, 1 ]
					},
					{
						"time": 0.8,
						"x": 30.83,
						"y": 30.63,
						"curve": [ 0.25, 0, 0.75, 1 ]
					},
					{
						"time": 1.2,
						"x": 0,
						"y": 0,
						"curve": [ 0.25, 0, 0.75, 1 ]
					},
					{ "time": 1.3333, "x": 30.83, "y": 30.63, "curve": "stepped" },
					{ "time": 1.7333, "x": 30.83, "y": 30.63 }
				],
				"scale": [
					{ "time": 0, "x": 1, "y": 1, "curve": "stepped" },
					{ "time": 0.1333, "x": 1, "y": 1, "curve": "stepped" },
					{ "time": 0.6667, "x": 1, "y": 1, "curve": "stepped" },
					{ "time": 1.2, "x": 1, "y": 1, "curve": "stepped" },
					{ "time": 1.7333, "x": 1, "y": 1 }
				]
			},
			"Flower_Eye_02": {
				"rotate": [
					{ "time": 0, "angle": 0, "curve": "stepped" },
					{ "time": 0.1333, "angle": 0, "curve": "stepped" },
					{ "time": 0.6667, "angle": 0, "curve": "stepped" },
					{ "time": 1.2, "angle": 0, "curve": "stepped" },
					{ "time": 1.7333, "angle": 0 }
				],
				"translate": [
					{ "time": 0, "x": 0, "y": 0, "curve": "stepped" },
					{
						"time": 0.1333,
						"x": 0,
						"y": 0,
						"curve": [ 0.25, 0, 0.75, 1 ]
					},
					{
						"time": 0.2667,
						"x": -16.85,
						"y": -41.9,
						"curve": [ 0.25, 0, 0.75, 1 ]
					},
					{
						"time": 0.5333,
						"x": -1.44,
						"y": -44.35,
						"curve": [ 0.25, 0, 0.75, 1 ]
					},
					{
						"time": 0.6667,
						"x": 0,
						"y": 0,
						"curve": [ 0.25, 0, 0.75, 1 ]
					},
					{
						"time": 0.8,
						"x": -16.85,
						"y": -41.9,
						"curve": [ 0.25, 0, 0.75, 1 ]
					},
					{
						"time": 1.0667,
						"x": -1.44,
						"y": -44.35,
						"curve": [ 0.25, 0, 0.75, 1 ]
					},
					{
						"time": 1.2,
						"x": 0,
						"y": 0,
						"curve": [ 0.25, 0, 0.75, 1 ]
					},
					{
						"time": 1.3333,
						"x": -16.85,
						"y": -41.9,
						"curve": [ 0.25, 0, 0.75, 1 ]
					},
					{
						"time": 1.6,
						"x": -1.44,
						"y": -44.35,
						"curve": [ 0.25, 0, 0.75, 1 ]
					},
					{ "time": 1.7333, "x": 0, "y": 0 }
				],
				"scale": [
					{ "time": 0, "x": 1, "y": 1, "curve": "stepped" },
					{ "time": 0.1333, "x": 1, "y": 1, "curve": "stepped" },
					{ "time": 0.6667, "x": 1, "y": 1, "curve": "stepped" },
					{ "time": 1.2, "x": 1, "y": 1, "curve": "stepped" },
					{ "time": 1.7333, "x": 1, "y": 1 }
				]
			}
		}
	}
}
}