{
"skeleton": { "hash": "ylq7sce6iViCRH5kAZNHdo7jmtQ", "spine": "3.5.43", "width": 127, "height": 127, "images": "./images/" },
"bones": [
	{ "name": "root" },
	{ "name": "ball1", "parent": "root", "length": 47.1, "x": 334.59, "y": 445.12 },
	{ "name": "ball2", "parent": "root", "length": 47.1, "x": 334.59, "y": 445.12 },
	{ "name": "ball3", "parent": "root", "length": 47.1, "x": 334.59, "y": 445.12 },
	{ "name": "bone53", "parent": "ball1", "x": 0.17, "y": -195.02 },
	{ "name": "bone54", "parent": "ball2", "x": 0.17, "y": -195.02 },
	{ "name": "bone55", "parent": "ball3", "x": 0.17, "y": -195.02 }
],
"slots": [
	{ "name": "Layer_21", "bone": "bone53", "attachment": "Layer_16" },
	{ "name": "Layer_23", "bone": "bone55", "attachment": "Layer_16" },
	{ "name": "Layer_22", "bone": "bone54", "attachment": "Layer_16" }
],
"skins": {
	"default": {
		"Layer_21": {
			"Layer_16": { "path": "Layer_21", "width": 127, "height": 127 }
		},
		"Layer_22": {
			"Layer_16": { "path": "Layer_21", "width": 127, "height": 127 }
		},
		"Layer_23": {
			"Layer_16": { "path": "Layer_21", "width": 127, "height": 127 }
		}
	}
},
"animations": {
	"idle_ball": {
		"slots": {
			"Layer_21": {
				"attachment": [
					{ "time": 0, "name": "Layer_16" }
				]
			},
			"Layer_23": {
				"attachment": [
					{ "time": 0, "name": "Layer_16" }
				]
			}
		},
		"bones": {
			"root": {
				"rotate": [
					{ "time": 0, "angle": 0 }
				],
				"translate": [
					{ "time": 0, "x": 0, "y": 0 }
				],
				"scale": [
					{ "time": 0, "x": 1, "y": 1 }
				]
			},
			"bone53": {
				"rotate": [
					{ "time": 0, "angle": 0 }
				],
				"translate": [
					{ "time": 0, "x": -0.17, "y": -185.05 }
				],
				"scale": [
					{ "time": 0, "x": 1, "y": 1 }
				]
			},
			"ball1": {
				"rotate": [
					{ "time": 0, "angle": 0 }
				],
				"translate": [
					{ "time": 0, "x": -15.49, "y": 0 }
				],
				"scale": [
					{ "time": 0, "x": 1, "y": 1 }
				]
			},
			"ball2": {
				"rotate": [
					{ "time": 0, "angle": 0 }
				],
				"translate": [
					{ "time": 0, "x": 112.79, "y": 0 }
				],
				"scale": [
					{ "time": 0, "x": 1, "y": 1 }
				]
			},
			"bone54": {
				"rotate": [
					{ "time": 0, "angle": 0 }
				],
				"translate": [
					{ "time": 0, "x": -0.17, "y": -185.05 }
				],
				"scale": [
					{ "time": 0, "x": 1, "y": 1 }
				]
			},
			"bone55": {
				"rotate": [
					{ "time": 0, "angle": 0 }
				],
				"translate": [
					{ "time": 0, "x": 0, "y": -78.44 }
				],
				"scale": [
					{ "time": 0, "x": 1, "y": 1 }
				]
			},
			"ball3": {
				"rotate": [
					{ "time": 0, "angle": 0 }
				],
				"translate": [
					{ "time": 0, "x": 49.24, "y": 0 }
				],
				"scale": [
					{ "time": 0, "x": 1, "y": 1 }
				]
			}
		}
	},
	"ball_in": {
		"slots": {
			"Layer_21": {
				"attachment": [
					{ "time": 0, "name": "Layer_16" },
					{ "time": 1.3333, "name": "Layer_16" }
				]
			},
			"Layer_23": {
				"attachment": [
					{ "time": 0, "name": "Layer_16" }
				]
			}
		},
		"bones": {
			"root": {
				"rotate": [
					{ "time": 0, "angle": 0, "curve": "stepped" },
					{ "time": 1.3333, "angle": 0 }
				],
				"translate": [
					{ "time": 0, "x": 0, "y": 0, "curve": "stepped" },
					{ "time": 1.3333, "x": 0, "y": 0 }
				],
				"scale": [
					{ "time": 0, "x": 1, "y": 1, "curve": "stepped" },
					{ "time": 1.3333, "x": 1, "y": 1 }
				]
			},
			"bone53": {
				"rotate": [
					{ "time": 0, "angle": 0, "curve": "stepped" },
					{ "time": 1.3333, "angle": 0, "curve": "stepped" },
					{ "time": 2.5667, "angle": 0 }
				],
				"translate": [
					{
						"time": 0,
						"x": -0.17,
						"y": -185.05,
						"curve": [ 0, 0.36, 0.602, 1 ]
					},
					{
						"time": 0.3333,
						"x": -0.17,
						"y": 162.9,
						"curve": [ 0.777, 0, 1, 0.75 ]
					},
					{
						"time": 0.6667,
						"x": -0.17,
						"y": -185.05,
						"curve": [ 0, 0.46, 0.564, 1 ]
					},
					{
						"time": 1,
						"x": -0.17,
						"y": 62.08,
						"curve": [ 0.67, 0, 1, 0.79 ]
					},
					{
						"time": 1.3333,
						"x": -0.17,
						"y": -185.05,
						"curve": [ 0, 0.26, 0.75, 1 ]
					},
					{
						"time": 1.4333,
						"x": -0.17,
						"y": -151.44,
						"curve": [ 0.25, 0, 1, 0.71 ]
					},
					{ "time": 1.6, "x": -0.17, "y": -185.05, "curve": "stepped" },
					{
						"time": 2.2667,
						"x": -0.17,
						"y": -185.05,
						"curve": [ 0, 0.26, 0.75, 1 ]
					},
					{
						"time": 2.3667,
						"x": -0.17,
						"y": -155.39,
						"curve": [ 0.25, 0, 1, 0.71 ]
					},
					{ "time": 2.5333, "x": -0.17, "y": -185.05, "curve": "stepped" },
					{ "time": 2.5667, "x": -0.17, "y": -185.05 }
				],
				"scale": [
					{ "time": 0, "x": 1, "y": 1, "curve": "stepped" },
					{ "time": 1.3333, "x": 1, "y": 1, "curve": "stepped" },
					{ "time": 2.5667, "x": 1, "y": 1 }
				]
			},
			"ball1": {
				"rotate": [
					{ "time": 0, "angle": 0, "curve": "stepped" },
					{ "time": 1.3333, "angle": 0, "curve": "stepped" },
					{ "time": 2.5667, "angle": 0 }
				],
				"translate": [
					{ "time": 0, "x": 860.93, "y": 0 },
					{ "time": 1.3333, "x": -15.49, "y": 0, "curve": "stepped" },
					{ "time": 1.6, "x": -15.49, "y": 0, "curve": "stepped" },
					{ "time": 2.5667, "x": -15.49, "y": 0 }
				],
				"scale": [
					{ "time": 0, "x": 1, "y": 1, "curve": "stepped" },
					{ "time": 1.3333, "x": 1, "y": 1, "curve": "stepped" },
					{ "time": 2.5667, "x": 1, "y": 1 }
				]
			},
			"ball2": {
				"rotate": [
					{ "time": 0, "angle": 0, "curve": "stepped" },
					{ "time": 0.1667, "angle": 0, "curve": "stepped" },
					{ "time": 1.5, "angle": 0, "curve": "stepped" },
					{ "time": 2.5667, "angle": 0 }
				],
				"translate": [
					{ "time": 0, "x": 989.21, "y": 0, "curve": "stepped" },
					{ "time": 0.1667, "x": 989.21, "y": 0 },
					{ "time": 1.5, "x": 112.79, "y": 0, "curve": "stepped" },
					{ "time": 2.5667, "x": 112.79, "y": 0 }
				],
				"scale": [
					{ "time": 0, "x": 1, "y": 1, "curve": "stepped" },
					{ "time": 0.1667, "x": 1, "y": 1, "curve": "stepped" },
					{ "time": 1.5, "x": 1, "y": 1, "curve": "stepped" },
					{ "time": 2.5667, "x": 1, "y": 1 }
				]
			},
			"bone54": {
				"rotate": [
					{ "time": 0, "angle": 0, "curve": "stepped" },
					{ "time": 0.1667, "angle": 0, "curve": "stepped" },
					{ "time": 1.5, "angle": 0, "curve": "stepped" },
					{ "time": 2.5667, "angle": 0 }
				],
				"translate": [
					{ "time": 0, "x": -0.17, "y": -185.05, "curve": "stepped" },
					{
						"time": 0.1667,
						"x": -0.17,
						"y": -185.05,
						"curve": [ 0, 0.36, 0.602, 1 ]
					},
					{
						"time": 0.5,
						"x": -0.17,
						"y": 162.9,
						"curve": [ 0.777, 0, 1, 0.75 ]
					},
					{
						"time": 0.8333,
						"x": -0.17,
						"y": -185.05,
						"curve": [ 0, 0.46, 0.564, 1 ]
					},
					{
						"time": 1.1667,
						"x": -0.17,
						"y": 62.08,
						"curve": [ 0.67, 0, 1, 0.79 ]
					},
					{
						"time": 1.5,
						"x": -0.17,
						"y": -185.05,
						"curve": [ 0, 0.26, 0.75, 1 ]
					},
					{
						"time": 1.6,
						"x": -0.17,
						"y": -159.35,
						"curve": [ 0.25, 0, 1, 0.71 ]
					},
					{ "time": 1.7667, "x": -0.17, "y": -185.05, "curve": "stepped" },
					{
						"time": 2.3,
						"x": -0.17,
						"y": -185.05,
						"curve": [ 0, 0.26, 0.75, 1 ]
					},
					{
						"time": 2.4,
						"x": -0.17,
						"y": -149.46,
						"curve": [ 0.25, 0, 1, 0.71 ]
					},
					{ "time": 2.5667, "x": -0.17, "y": -185.05 }
				],
				"scale": [
					{ "time": 0, "x": 1, "y": 1, "curve": "stepped" },
					{ "time": 0.1667, "x": 1, "y": 1, "curve": "stepped" },
					{ "time": 1.5, "x": 1, "y": 1, "curve": "stepped" },
					{ "time": 2.5667, "x": 1, "y": 1 }
				]
			},
			"bone55": {
				"rotate": [
					{ "time": 0, "angle": 0, "curve": "stepped" },
					{ "time": 0.3333, "angle": 0, "curve": "stepped" },
					{ "time": 1.6667, "angle": 0, "curve": "stepped" },
					{ "time": 2.5667, "angle": 0 }
				],
				"translate": [
					{ "time": 0, "x": -0.17, "y": -185.05, "curve": "stepped" },
					{
						"time": 0.3333,
						"x": -0.17,
						"y": -185.05,
						"curve": [ 0, 0.36, 0.602, 1 ]
					},
					{
						"time": 0.6667,
						"x": -0.17,
						"y": 162.9,
						"curve": [ 0.777, 0, 1, 0.75 ]
					},
					{
						"time": 1,
						"x": -0.17,
						"y": -185.05,
						"curve": [ 0, 0.46, 0.564, 1 ]
					},
					{
						"time": 1.3333,
						"x": -0.17,
						"y": 99.64,
						"curve": [ 0.67, 0, 1, 0.79 ]
					},
					{
						"time": 1.6667,
						"x": -0.17,
						"y": -185.05,
						"curve": [ 0, 0.54, 0.489, 1 ]
					},
					{
						"time": 2,
						"x": -0.17,
						"y": 0.79,
						"curve": [ 0.769, 0, 1, 0.65 ]
					},
					{
						"time": 2.2333,
						"x": 0,
						"y": -78.44,
						"curve": [ 0, 0.54, 0.75, 1 ]
					},
					{
						"time": 2.3667,
						"x": 0,
						"y": -3.31,
						"curve": [ 0.564, 0.01, 1, 0.8 ]
					},
					{ "time": 2.5667, "x": 0, "y": -78.44 }
				],
				"scale": [
					{ "time": 0, "x": 1, "y": 1, "curve": "stepped" },
					{ "time": 0.3333, "x": 1, "y": 1, "curve": "stepped" },
					{ "time": 1.6667, "x": 1, "y": 1, "curve": "stepped" },
					{ "time": 2.5667, "x": 1, "y": 1 }
				]
			},
			"ball3": {
				"rotate": [
					{ "time": 0, "angle": 0, "curve": "stepped" },
					{ "time": 0.3333, "angle": 0, "curve": "stepped" },
					{ "time": 2.2333, "angle": 0, "curve": "stepped" },
					{ "time": 2.5667, "angle": 0 }
				],
				"translate": [
					{ "time": 0, "x": 925.66, "y": 0, "curve": "stepped" },
					{ "time": 0.3333, "x": 925.66, "y": 0 },
					{ "time": 2.2333, "x": 49.24, "y": 0, "curve": "stepped" },
					{ "time": 2.5667, "x": 49.24, "y": 0 }
				],
				"scale": [
					{ "time": 0, "x": 1, "y": 1, "curve": "stepped" },
					{ "time": 0.3333, "x": 1, "y": 1, "curve": "stepped" },
					{ "time": 2.2333, "x": 1, "y": 1, "curve": "stepped" },
					{ "time": 2.5667, "x": 1, "y": 1 }
				]
			}
		}
	},
	"take_ball1": {
		"slots": {
			"Layer_21": {
				"attachment": [
					{ "time": 0, "name": null }
				]
			}
		},
		"bones": {
			"root": {
				"rotate": [
					{ "time": 0, "angle": 0, "curve": "stepped" },
					{ "time": 0.1667, "angle": 0, "curve": "stepped" },
					{ "time": 0.3333, "angle": 0 }
				],
				"translate": [
					{ "time": 0, "x": 0, "y": 0, "curve": "stepped" },
					{ "time": 0.1667, "x": 0, "y": 0, "curve": "stepped" },
					{ "time": 0.3333, "x": 0, "y": 0 }
				],
				"scale": [
					{ "time": 0, "x": 1, "y": 1, "curve": "stepped" },
					{ "time": 0.1667, "x": 1, "y": 1, "curve": "stepped" },
					{ "time": 0.3333, "x": 1, "y": 1 }
				]
			},
			"bone53": {
				"rotate": [
					{ "time": 0, "angle": 0, "curve": "stepped" },
					{ "time": 0.4, "angle": 0 }
				],
				"translate": [
					{ "time": 0, "x": -0.17, "y": -185.05, "curve": "stepped" },
					{ "time": 0.4, "x": -0.17, "y": -185.05 }
				],
				"scale": [
					{ "time": 0, "x": 1, "y": 1, "curve": "stepped" },
					{ "time": 0.4, "x": 1, "y": 1 }
				]
			},
			"ball1": {
				"rotate": [
					{ "time": 0, "angle": 0, "curve": "stepped" },
					{ "time": 0.4, "angle": 0 }
				],
				"translate": [
					{ "time": 0, "x": -15.49, "y": 0, "curve": "stepped" },
					{ "time": 0.4, "x": -15.49, "y": 0 }
				],
				"scale": [
					{ "time": 0, "x": 1, "y": 1, "curve": "stepped" },
					{ "time": 0.4, "x": 1, "y": 1 }
				]
			},
			"ball2": {
				"rotate": [
					{ "time": 0, "angle": 0, "curve": "stepped" },
					{ "time": 0.4, "angle": 0 }
				],
				"translate": [
					{ "time": 0, "x": 112.79, "y": 0, "curve": "stepped" },
					{ "time": 0.4, "x": 112.79, "y": 0 }
				],
				"scale": [
					{ "time": 0, "x": 1, "y": 1, "curve": "stepped" },
					{ "time": 0.4, "x": 1, "y": 1 }
				]
			},
			"bone54": {
				"rotate": [
					{ "time": 0, "angle": 0, "curve": "stepped" },
					{ "time": 0.4, "angle": 0 }
				],
				"translate": [
					{ "time": 0, "x": -0.17, "y": -185.05, "curve": "stepped" },
					{ "time": 0.3333, "x": -0.17, "y": -185.05 },
					{ "time": 0.3667, "x": -0.17, "y": -177.48 },
					{ "time": 0.4, "x": -0.17, "y": -185.05 }
				],
				"scale": [
					{ "time": 0, "x": 1, "y": 1, "curve": "stepped" },
					{ "time": 0.4, "x": 1, "y": 1 }
				]
			},
			"bone55": {
				"rotate": [
					{ "time": 0, "angle": 0, "curve": "stepped" },
					{ "time": 0.0333, "angle": 0 },
					{ "time": 0.1, "angle": 157.57 },
					{ "time": 0.2333, "angle": -47.74 },
					{ "time": 0.4, "angle": 0 }
				],
				"translate": [
					{ "time": 0, "x": 0, "y": -78.44, "curve": "stepped" },
					{
						"time": 0.0333,
						"x": 0,
						"y": -78.44,
						"curve": [ 0.644, 0.01, 1, 0.63 ]
					},
					{ "time": 0.2667, "x": -0.17, "y": -185.05 },
					{ "time": 0.3333, "x": -0.17, "y": -166.67 },
					{ "time": 0.4, "x": -0.17, "y": -185.05 }
				],
				"scale": [
					{ "time": 0, "x": 1, "y": 1, "curve": "stepped" },
					{ "time": 0.4, "x": 1, "y": 1 }
				]
			},
			"ball3": {
				"rotate": [
					{ "time": 0, "angle": 0, "curve": "stepped" },
					{ "time": 0.4, "angle": 0 }
				],
				"translate": [
					{ "time": 0, "x": 49.24, "y": 0, "curve": "stepped" },
					{
						"time": 0.0333,
						"x": 49.24,
						"y": 0,
						"curve": [ 0.449, 0.17, 0.507, 1 ]
					},
					{ "time": 0.2667, "x": -15.49, "y": 0, "curve": "stepped" },
					{ "time": 0.4, "x": -15.49, "y": 0 }
				],
				"scale": [
					{ "time": 0, "x": 1, "y": 1, "curve": "stepped" },
					{ "time": 0.4, "x": 1, "y": 1 }
				]
			}
		}
	},
	"take_ball2": {
		"slots": {
			"Layer_21": {
				"attachment": [
					{ "time": 0, "name": null }
				]
			},
			"Layer_23": {
				"attachment": [
					{ "time": 0, "name": null }
				]
			}
		},
		"bones": {
			"root": {
				"rotate": [
					{ "time": 0, "angle": 0, "curve": "stepped" },
					{ "time": 0.3333, "angle": 0, "curve": "stepped" },
					{ "time": 0.6667, "angle": 0 }
				],
				"translate": [
					{ "time": 0, "x": 0, "y": 0, "curve": "stepped" },
					{ "time": 0.3333, "x": 0, "y": 0, "curve": "stepped" },
					{ "time": 0.6667, "x": 0, "y": 0 }
				],
				"scale": [
					{ "time": 0, "x": 1, "y": 1, "curve": "stepped" },
					{ "time": 0.3333, "x": 1, "y": 1, "curve": "stepped" },
					{ "time": 0.6667, "x": 1, "y": 1 }
				]
			},
			"bone53": {
				"rotate": [
					{ "time": 0, "angle": 0, "curve": "stepped" },
					{ "time": 0.6667, "angle": 0 }
				],
				"translate": [
					{ "time": 0, "x": -0.17, "y": -185.05, "curve": "stepped" },
					{ "time": 0.6667, "x": -0.17, "y": -185.05 }
				],
				"scale": [
					{ "time": 0, "x": 1, "y": 1, "curve": "stepped" },
					{ "time": 0.6667, "x": 1, "y": 1 }
				]
			},
			"ball1": {
				"rotate": [
					{ "time": 0, "angle": 0, "curve": "stepped" },
					{ "time": 0.6667, "angle": 0 }
				],
				"translate": [
					{ "time": 0, "x": -15.49, "y": 0, "curve": "stepped" },
					{ "time": 0.6667, "x": -15.49, "y": 0 }
				],
				"scale": [
					{ "time": 0, "x": 1, "y": 1, "curve": "stepped" },
					{ "time": 0.6667, "x": 1, "y": 1 }
				]
			},
			"ball2": {
				"rotate": [
					{ "time": 0, "angle": 0, "curve": "stepped" },
					{ "time": 0.6667, "angle": 0 }
				],
				"translate": [
					{
						"time": 0,
						"x": 112.79,
						"y": 0,
						"curve": [ 0.243, 0, 0.649, 0.6 ]
					},
					{ "time": 0.6667, "x": 20.91, "y": 0 }
				],
				"scale": [
					{ "time": 0, "x": 1, "y": 1, "curve": "stepped" },
					{ "time": 0.6667, "x": 1, "y": 1 }
				]
			},
			"bone54": {
				"rotate": [
					{ "time": 0, "angle": 0 },
					{ "time": 0.2667, "angle": 127.52 },
					{ "time": 0.4667, "angle": -144.17 },
					{ "time": 0.6667, "angle": 0 }
				],
				"translate": [
					{ "time": 0, "x": -0.17, "y": -185.05 },
					{ "time": 0.6667, "x": -36.58, "y": -185.05 }
				],
				"scale": [
					{ "time": 0, "x": 1, "y": 1, "curve": "stepped" },
					{ "time": 0.6667, "x": 1, "y": 1 }
				]
			},
			"bone55": {
				"rotate": [
					{ "time": 0, "angle": 0, "curve": "stepped" },
					{ "time": 0.6667, "angle": 0 }
				],
				"translate": [
					{ "time": 0, "x": -0.17, "y": -185.05, "curve": "stepped" },
					{ "time": 0.6667, "x": -0.17, "y": -185.05 }
				],
				"scale": [
					{ "time": 0, "x": 1, "y": 1, "curve": "stepped" },
					{ "time": 0.6667, "x": 1, "y": 1 }
				]
			},
			"ball3": {
				"rotate": [
					{ "time": 0, "angle": 0, "curve": "stepped" },
					{ "time": 0.6667, "angle": 0 }
				],
				"translate": [
					{ "time": 0, "x": -15.49, "y": 0, "curve": "stepped" },
					{ "time": 0.6667, "x": -15.49, "y": 0 }
				],
				"scale": [
					{ "time": 0, "x": 1, "y": 1, "curve": "stepped" },
					{ "time": 0.6667, "x": 1, "y": 1 }
				]
			}
		}
	},
	"take_ball3": {
		"slots": {
			"Layer_21": {
				"attachment": [
					{ "time": 0, "name": null }
				]
			},
			"Layer_22": {
				"attachment": [
					{ "time": 0, "name": "Layer_16" },
					{ "time": 0.0333, "name": null },
					{ "time": 0.3333, "name": null }
				]
			},
			"Layer_23": {
				"attachment": [
					{ "time": 0, "name": null }
				]
			}
		},
		"bones": {
			"root": {
				"rotate": [
					{ "time": 0, "angle": 0 }
				],
				"translate": [
					{ "time": 0, "x": 0, "y": 0 }
				],
				"scale": [
					{ "time": 0, "x": 1, "y": 1 }
				]
			},
			"bone53": {
				"rotate": [
					{ "time": 0, "angle": 0 }
				],
				"translate": [
					{ "time": 0, "x": -0.17, "y": -185.05 }
				],
				"scale": [
					{ "time": 0, "x": 1, "y": 1 }
				]
			},
			"ball1": {
				"rotate": [
					{ "time": 0, "angle": 0 }
				],
				"translate": [
					{ "time": 0, "x": -15.49, "y": 0 }
				],
				"scale": [
					{ "time": 0, "x": 1, "y": 1 }
				]
			},
			"ball2": {
				"rotate": [
					{ "time": 0, "angle": 0 }
				],
				"translate": [
					{ "time": 0, "x": 20.91, "y": 0 }
				],
				"scale": [
					{ "time": 0, "x": 1, "y": 1 }
				]
			},
			"bone54": {
				"rotate": [
					{ "time": 0, "angle": 0 }
				],
				"translate": [
					{ "time": 0, "x": -36.58, "y": -185.05 }
				],
				"scale": [
					{ "time": 0, "x": 1, "y": 1 }
				]
			},
			"bone55": {
				"rotate": [
					{ "time": 0, "angle": 0 }
				],
				"translate": [
					{ "time": 0, "x": -0.17, "y": -185.05 }
				],
				"scale": [
					{ "time": 0, "x": 1, "y": 1 }
				]
			},
			"ball3": {
				"rotate": [
					{ "time": 0, "angle": 0 }
				],
				"translate": [
					{ "time": 0, "x": -15.49, "y": 0 }
				],
				"scale": [
					{ "time": 0, "x": 1, "y": 1 }
				]
			}
		}
	}
}
}