{"skeleton":{"hash":"7wKBaDltga2hTfGLDqpjWHu7XhQ","spine":"3.5.43","width":0,"height":0,"images":"./Number_04/Images/"},"bones":[{"name":"root"},{"name":"Bucket","parent":"root","x":225,"y":-515,"scaleX":1.25,"scaleY":1.25},{"name":"Bucket_02","parent":"Bucket","y":90},{"name":"Bucket_03","parent":"Bucket_02","y":95}],"slots":[{"name":"Bucket_02","bone":"Bucket_02"},{"name":"Bucket_01","bone":"Bucket_02"},{"name":"Bucket_03","bone":"Bucket_03"}],"skins":{"default":{"Bucket_01":{"Bucket_01":{"x":-5,"y":10,"width":233,"height":199}},"Bucket_02":{"Bucket_02":{"x":-5,"y":80,"width":233,"height":59}},"Bucket_03":{"Bucket_03":{"x":5,"y":-60,"scaleX":-1,"width":243,"height":136}}}},"events":{"Fall":{},"Jump":{}},"animations":{"Throw":{"slots":{"Bucket_01":{"attachment":[{"time":0,"name":"Bucket_01"}]},"Bucket_02":{"attachment":[{"time":0,"name":"Bucket_02"}]},"Bucket_03":{"attachment":[{"time":0,"name":"Bucket_03"}]}},"bones":{"Bucket":{"rotate":[{"time":0,"angle":0,"curve":"stepped"},{"time":0.7333,"angle":0},{"time":0.8,"angle":10},{"time":0.9333,"angle":350},{"time":1.0333,"angle":5},{"time":1.1333,"angle":0}],"translate":[{"time":0,"x":948.87,"y":194.64,"curve":[0.25,0,0.75,1]},{"time":0.7333,"x":0,"y":0}],"scale":[{"time":0.7333,"x":1,"y":1}],"shear":[{"time":0.7333,"x":0,"y":0}]},"Bucket_02":{"rotate":[{"time":0,"angle":0},{"time":0.3333,"angle":-174.4},{"time":0.5333,"angle":52.46},{"time":0.7333,"angle":0}],"translate":[{"time":0,"x":0.9,"y":-1.71,"curve":[0.25,0,0.75,1]},{"time":0.3333,"x":-1.14,"y":566.79,"curve":[0.25,0,0.625,0.5]},{"time":0.5333,"x":1.21,"y":283.43,"curve":[0.375,0.5,0.75,1]},{"time":0.7333,"x":0,"y":2}]}}},"fishing":{"slots":{"Bucket_01":{"attachment":[{"time":0,"name":"Bucket_01"}]},"Bucket_02":{"attachment":[{"time":0,"name":"Bucket_02"}]},"Bucket_03":{"attachment":[{"time":0,"name":"Bucket_03"}]}},"bones":{"Bucket":{"rotate":[{"time":1.6667,"angle":0},{"time":1.7667,"angle":350},{"time":1.8667,"angle":5},{"time":1.9333,"angle":355},{"time":2,"angle":2.5},{"time":2.0667,"angle":0}],"translate":[{"time":1.6667,"x":0,"y":0}],"scale":[{"time":1.6667,"x":1,"y":1}],"shear":[{"time":1.6667,"x":0,"y":0}]}}},"pickup":{"slots":{"Bucket_01":{"attachment":[{"time":0,"name":"Bucket_01"},{"time":1.2,"name":"Bucket_01"}]},"Bucket_02":{"attachment":[{"time":0,"name":"Bucket_02"},{"time":1.2,"name":"Bucket_02"}]},"Bucket_03":{"attachment":[{"time":0,"name":"Bucket_03"},{"time":1.2,"name":"Bucket_03"}]}},"bones":{"Bucket":{"rotate":[{"time":0,"angle":0,"curve":"stepped"},{"time":0.1333,"angle":0},{"time":0.2,"angle":7.97},{"time":0.6,"angle":-7.43},{"time":0.9,"angle":0,"curve":[0,0.1,0.75,1]},{"time":1.2,"angle":-68.11}],"translate":[{"time":0.6,"x":0,"y":0,"curve":"stepped"},{"time":0.9,"x":0,"y":0,"curve":[0.694,0,1,0.7]},{"time":1.2,"x":1030,"y":15}]},"Bucket_03":{"scale":[{"time":0.9,"x":1,"y":1},{"time":1.2,"x":1,"y":-0.975}],"shear":[{"time":0,"x":0,"y":0,"curve":"stepped"},{"time":0.1333,"x":0,"y":0},{"time":0.2,"x":0,"y":12.75},{"time":0.6,"x":0,"y":1.12},{"time":0.9,"x":0,"y":14.47,"curve":"stepped"},{"time":1.2,"x":0,"y":14.47}]}}}}}