{
"skeleton": { "hash": "01FLRIoKd0awe+D7FrPwG47VPCY", "spine": "3.5.43", "width": 0, "height": 0, "images": "./images/" },
"bones": [
	{ "name": "root" },
	{ "name": "bone3", "parent": "root" },
	{ "name": "bone", "parent": "bone3", "length": 44.96, "rotation": 90.43, "x": -0.96, "y": 3.55 },
	{ "name": "bone2", "parent": "bone3", "length": 44.96, "rotation": 129.76, "x": -0.96, "y": 3.55 },
	{ "name": "tear", "parent": "root", "length": 33.07, "rotation": 50.94, "x": 36.68, "y": 27.58 },
	{ "name": "tear2", "parent": "root", "length": 33.07, "rotation": 174.7, "x": -85.11, "y": 8.35 }
],
"slots": [
	{ "name": "Layer_16", "bone": "bone", "attachment": "Layer_16" },
	{ "name": "Layer_18", "bone": "bone2", "attachment": "Layer_16" },
	{ "name": "Layer_17", "bone": "bone3", "attachment": "Layer_17" },
	{ "name": "Layer_20", "bone": "tear" },
	{ "name": "Layer_22", "bone": "tear2" },
	{ "name": "Layer_21", "bone": "bone", "attachment": "Layer_21" }
],
"skins": {
	"default": {
		"Layer_16": {
			"Layer_16": { "x": 23.39, "y": 2.11, "rotation": -122.71, "width": 35, "height": 45 }
		},
		"Layer_17": {
			"Layer_17": { "x": -1.92, "y": -2.43, "width": 49, "height": 29 }
		},
		"Layer_18": {
			"Layer_16": { "x": 23.39, "y": 2.11, "rotation": -122.71, "width": 35, "height": 45 }
		}
	},
	"skin 1": {
		"Layer_17": {
			"skin": { "name": "Layer_21", "x": -1.62, "y": -18.41, "rotation": 90.43, "width": 293, "height": 239 }
		},
		"Layer_20": {
			"skin": { "name": "Layer_20", "x": 21.46, "y": -0.52, "rotation": 7.14, "width": 45, "height": 17 }
		},
		"Layer_22": {
			"skin": { "name": "Layer_20", "x": 21.46, "y": -0.52, "scaleX": 2.04, "scaleY": 2.04, "rotation": 7.14, "width": 45, "height": 17 }
		}
	},
	"skin 2": {
		"Layer_17": {
			"skin": { "name": "Layer_21 - Copy", "x": -1.62, "y": -18.41, "rotation": 90.43, "width": 293, "height": 239 }
		},
		"Layer_20": {
			"skin": { "name": "Layer_20 - Copy", "x": 21.46, "y": -0.52, "rotation": 7.14, "width": 45, "height": 17 }
		},
		"Layer_22": {
			"skin": { "name": "Layer_20 - Copy", "x": 21.46, "y": -0.52, "scaleX": 2.04, "scaleY": 2.04, "rotation": 7.14, "width": 45, "height": 17 }
		}
	},
	"skin 3": {
		"Layer_17": {
			"skin": { "name": "Layer_21 - Copy (2)", "x": -1.62, "y": -18.41, "rotation": 90.43, "width": 293, "height": 239 }
		},
		"Layer_20": {
			"skin": { "name": "Layer_20 - Copy (2)", "x": 21.46, "y": -0.52, "rotation": 7.14, "width": 45, "height": 17 }
		},
		"Layer_22": {
			"skin": {
				"name": "Layer_20 - Copy (2)",
				"x": 21.46,
				"y": -0.52,
				"scaleX": 2.04,
				"scaleY": 2.04,
				"rotation": 7.14,
				"width": 45,
				"height": 17
			}
		}
	},
	"skin 4": {
		"Layer_17": {
			"skin": { "name": "Layer_21 - Copy (3)", "x": -1.62, "y": -18.41, "rotation": 90.43, "width": 293, "height": 239 }
		},
		"Layer_20": {
			"skin": { "name": "Layer_20 - Copy (3)", "x": 21.46, "y": -0.52, "rotation": 7.14, "width": 45, "height": 17 }
		},
		"Layer_22": {
			"skin": {
				"name": "Layer_20 - Copy (3)",
				"x": 21.46,
				"y": -0.52,
				"scaleX": 2.04,
				"scaleY": 2.04,
				"rotation": 7.14,
				"width": 45,
				"height": 17
			}
		}
	}
},
"animations": {
	"flying": {
		"bones": {
			"root": {
				"rotate": [
					{ "time": 0, "angle": 0, "curve": "stepped" },
					{ "time": 0.2667, "angle": 0 }
				],
				"translate": [
					{ "time": 0, "x": 0, "y": 0, "curve": "stepped" },
					{ "time": 0.2667, "x": 0, "y": 0 }
				]
			},
			"bone3": {
				"rotate": [
					{ "time": 0, "angle": 0, "curve": "stepped" },
					{ "time": 0.2667, "angle": 0 }
				],
				"translate": [
					{ "time": 0, "x": 0, "y": 0, "curve": "stepped" },
					{ "time": 0.2667, "x": 0, "y": 0 }
				]
			},
			"bone": {
				"rotate": [
					{ "time": 0, "angle": -23.34 },
					{ "time": 0.1333, "angle": 56.24 },
					{ "time": 0.2667, "angle": -11.8 }
				],
				"translate": [
					{ "time": 0, "x": 0, "y": 0, "curve": "stepped" },
					{ "time": 0.2667, "x": 0, "y": 0 }
				]
			},
			"bone2": {
				"rotate": [
					{ "time": 0, "angle": 18.72 },
					{ "time": 0.1333, "angle": -61.12 },
					{ "time": 0.2667, "angle": 7.87 }
				],
				"translate": [
					{ "time": 0, "x": 0, "y": 0, "curve": "stepped" },
					{ "time": 0.2667, "x": 0, "y": 0 }
				]
			}
		}
	},
	"die": {
		"slots": {
			"Layer_16": {
				"attachment": [
					{ "time": 0, "name": null }
				]
			},
			"Layer_17": {
				"color": [
					{ "time": 0, "color": "ffffffff", "curve": "stepped" },
					{ "time": 0.2, "color": "ffffffff" },
					{ "time": 0.6, "color": "ffffff00" }
				],
				"attachment": [
					{ "time": 0, "name": "skin" }
				]
			},
			"Layer_18": {
				"attachment": [
					{ "time": 0, "name": null }
				]
			},
			"Layer_20": {
				"color": [
					{ "time": 0, "color": "ffffffff" },
					{ "time": 0.6, "color": "ffffff00" }
				],
				"attachment": [
					{ "time": 0, "name": "skin" }
				]
			},
			"Layer_21": {
				"attachment": [
					{ "time": 0, "name": null },
					{ "time": 0.1, "name": null }
				]
			},
			"Layer_22": {
				"color": [
					{ "time": 0, "color": "ffffffff" },
					{ "time": 0.6, "color": "ffffff00" }
				],
				"attachment": [
					{ "time": 0, "name": "skin" }
				]
			}
		},
		"bones": {
			"root": {
				"rotate": [
					{ "time": 0, "angle": 0, "curve": "stepped" },
					{ "time": 0.6, "angle": 0 }
				],
				"translate": [
					{ "time": 0, "x": 0, "y": 0, "curve": "stepped" },
					{ "time": 0.6, "x": 0, "y": 0 }
				],
				"scale": [
					{ "time": 0, "x": 1, "y": 1 },
					{ "time": 0.1, "x": 1.546, "y": 1.546 }
				]
			},
			"bone3": {
				"rotate": [
					{ "time": 0, "angle": 0, "curve": "stepped" },
					{ "time": 0.6, "angle": 0 }
				],
				"translate": [
					{ "time": 0, "x": 0, "y": 0, "curve": "stepped" },
					{ "time": 0.6, "x": 0, "y": 0 }
				],
				"scale": [
					{ "time": 0, "x": 1, "y": 1 },
					{ "time": 0.0667, "x": 1.345, "y": 1.345 }
				]
			},
			"bone": {
				"rotate": [
					{ "time": 0, "angle": -23.34, "curve": "stepped" },
					{ "time": 0.6, "angle": -23.34 }
				],
				"translate": [
					{ "time": 0, "x": 0, "y": 0, "curve": "stepped" },
					{ "time": 0.6, "x": 0, "y": 0 }
				]
			},
			"bone2": {
				"rotate": [
					{ "time": 0, "angle": 18.72, "curve": "stepped" },
					{ "time": 0.6, "angle": 18.72 }
				],
				"translate": [
					{ "time": 0, "x": 0, "y": 0, "curve": "stepped" },
					{ "time": 0.6, "x": 0, "y": 0 }
				]
			},
			"tear": {
				"translate": [
					{
						"time": 0,
						"x": 8.73,
						"y": 21.82,
						"curve": [ 0, 0.89, 0.75, 1 ]
					},
					{ "time": 0.1333, "x": 110.81, "y": 148.23 }
				]
			},
			"tear2": {
				"translate": [
					{
						"time": 0,
						"x": 0,
						"y": 0,
						"curve": [ 0, 0.79, 0.75, 1 ]
					},
					{ "time": 0.2333, "x": -119.01, "y": 0 }
				]
			}
		}
	}
}
}