{
"skeleton": { "hash": "JV5TQNHcSy7mjPNr1ilmULxVKEg", "spine": "3.5.43", "width": 735, "height": 439.52, "images": "./images/" },
"bones": [
	{ "name": "root" },
	{ "name": "xe gach", "parent": "root", "length": 569.84, "rotation": 158.22, "x": 38.73, "y": 194.23 },
	{ "name": "bone", "parent": "xe gach", "rotation": -158.22, "x": 25.19, "y": -145.74 },
	{ "name": "bone2", "parent": "xe gach", "rotation": -158.22, "x": -55.93, "y": -178.15 },
	{ "name": "bone66", "parent": "xe gach", "rotation": -158.22, "x": -24.2, "y": 63.52 },
	{ "name": "brick 1", "parent": "xe gach", "rotation": -159.51, "x": 156.08, "y": -323.64 },
	{ "name": "brick 2", "parent": "xe gach", "rotation": -166.13, "x": 216.89, "y": -231.24 },
	{ "name": "brick 3", "parent": "xe gach", "rotation": -151.42, "x": 73.97, "y": -280.61 },
	{ "name": "brick 4", "parent": "xe gach", "rotation": -169.2, "x": 153.65, "y": -178.08 },
	{ "name": "brick 5", "parent": "xe gach", "rotation": 170.92, "x": 257.5, "y": -122.31 },
	{ "name": "brick 6", "parent": "xe gach", "rotation": -136.18, "x": -19.15, "y": -251.88 }
],
"slots": [
	{ "name": "Layer_22", "bone": "brick 5" },
	{ "name": "Layer_25", "bone": "brick 6" },
	{ "name": "Layer_26", "bone": "brick 1" },
	{ "name": "Layer_29", "bone": "brick 3" },
	{ "name": "Layer_28", "bone": "brick 2" },
	{ "name": "Layer_27", "bone": "brick 4" },
	{ "name": "Layer_23", "bone": "xe gach", "attachment": "Layer_14" },
	{ "name": "Layer_24", "bone": "bone66", "attachment": "Layer_13" },
	{ "name": "Layer_18", "bone": "bone", "attachment": "Layer_17" },
	{ "name": "Layer_19", "bone": "bone2", "attachment": "Layer_17" }
],
"skins": {
	"default": {
		"Layer_18": {
			"Layer_17": {
				"type": "mesh",
				"uvs": [ 0.89521, 0.09758, 1, 0.2914, 1, 0.51131, 1, 0.76476, 0.8917, 0.93994, 0.77924, 1, 0.54378, 1, 0.29427, 1, 0.12207, 0.92876, 0, 0.76849, 0, 0.52994, 0, 0.29513, 0.07639, 0.13113, 0.28724, 0, 0.50864, 0, 0.73707, 0, 0.44187, 0.47031 ],
				"triangles": [ 16, 13, 14, 12, 13, 16, 11, 12, 16, 16, 0, 1, 10, 11, 16, 2, 16, 1, 9, 10, 16, 16, 14, 15, 0, 16, 15, 3, 16, 2, 8, 9, 16, 3, 5, 16, 7, 8, 16, 16, 6, 7, 16, 5, 6, 3, 4, 5 ],
				"vertices": [ 27.14, 25.57, 34.47, 12.78, 34.47, -1.74, 34.47, -18.47, 26.89, -30.03, 19.02, -33.99, 2.54, -33.99, -14.93, -33.99, -26.98, -29.29, -35.53, -18.71, -35.53, -2.97, -35.53, 12.53, -30.18, 23.35, -15.42, 32.01, 0.08, 32.01, 16.07, 32.01, 19.59, -1.08 ],
				"hull": 16,
				"edges": [ 22, 24, 24, 26, 26, 28, 28, 30, 30, 0, 0, 2, 2, 4, 4, 6, 6, 8, 8, 10, 10, 12, 12, 14, 14, 16, 16, 18, 18, 20, 20, 22 ],
				"width": 70,
				"height": 66
			}
		},
		"Layer_19": {
			"Layer_17": {
				"type": "mesh",
				"uvs": [ 0.89521, 0.09758, 1, 0.2914, 1, 0.51131, 1, 0.76476, 0.8917, 0.93994, 0.77924, 1, 0.54378, 1, 0.29427, 1, 0.12207, 0.92876, 0, 0.76849, 0, 0.52994, 0, 0.29513, 0.07639, 0.13113, 0.28724, 0, 0.50864, 0, 0.73707, 0, 0.44187, 0.47031 ],
				"triangles": [ 16, 13, 14, 12, 13, 16, 11, 12, 16, 16, 0, 1, 10, 11, 16, 2, 16, 1, 9, 10, 16, 16, 14, 15, 0, 16, 15, 3, 16, 2, 8, 9, 16, 3, 5, 16, 7, 8, 16, 16, 6, 7, 16, 5, 6, 3, 4, 5 ],
				"vertices": [ 17.88, 16.49, 22.74, 8, 22.74, -1.62, 22.74, -12.71, 17.71, -20.38, 12.49, -23, 1.57, -23, -10.01, -23, -18.01, -19.89, -23.67, -12.87, -23.67, -2.43, -23.67, 7.84, -20.13, 15.02, -10.34, 20.76, -0.06, 20.76, 10.54, 20.76, 13.65, 0.18 ],
				"hull": 16,
				"edges": [ 22, 24, 24, 26, 26, 28, 28, 30, 30, 0, 0, 2, 2, 4, 4, 6, 6, 8, 8, 10, 10, 12, 12, 14, 14, 16, 16, 18, 18, 20, 20, 22 ],
				"width": 70,
				"height": 66
			}
		},
		"Layer_22": {
			"Layer_15": { "width": 148, "height": 70 }
		},
		"Layer_23": {
			"Layer_14": { "x": 177.67, "y": 18.15, "rotation": -158.22, "width": 735, "height": 391 }
		},
		"Layer_24": {
			"Layer_13": { "width": 252, "height": 254 }
		},
		"Layer_25": {
			"Layer_15": { "width": 148, "height": 70 }
		},
		"Layer_26": {
			"Layer_15": { "width": 148, "height": 70 }
		},
		"Layer_27": {
			"Layer_15": { "width": 148, "height": 70 }
		},
		"Layer_28": {
			"Layer_15": { "width": 148, "height": 70 }
		},
		"Layer_29": {
			"Layer_15": { "width": 148, "height": 70 }
		}
	}
},
"animations": {
	"Xe gach": {
		"slots": {
			"Layer_22": {
				"attachment": [
					{ "time": 0, "name": null }
				]
			},
			"Layer_23": {
				"attachment": [
					{ "time": 0, "name": "Layer_14" }
				]
			},
			"Layer_24": {
				"attachment": [
					{ "time": 0, "name": "Layer_13" }
				]
			},
			"Layer_25": {
				"attachment": [
					{ "time": 0, "name": null }
				]
			},
			"Layer_26": {
				"attachment": [
					{ "time": 0, "name": null }
				]
			},
			"Layer_27": {
				"attachment": [
					{ "time": 0, "name": null }
				]
			},
			"Layer_28": {
				"attachment": [
					{ "time": 0, "name": null }
				]
			},
			"Layer_29": {
				"attachment": [
					{ "time": 0, "name": null }
				]
			}
		},
		"bones": {
			"root": {
				"rotate": [
					{ "time": 0, "angle": 0 }
				],
				"translate": [
					{ "time": 0, "x": 0, "y": 0 }
				],
				"scale": [
					{ "time": 0, "x": 1, "y": 1 }
				]
			}
		},
		"drawOrder": [
			{ "time": 0 }
		]
	},
	"idle": {
		"slots": {
			"Layer_22": {
				"attachment": [
					{ "time": 0, "name": null },
					{ "time": 3.5, "name": null }
				]
			},
			"Layer_23": {
				"attachment": [
					{ "time": 0, "name": "Layer_14" },
					{ "time": 3.5, "name": "Layer_14" }
				]
			},
			"Layer_24": {
				"attachment": [
					{ "time": 0, "name": "Layer_13" },
					{ "time": 3.5, "name": "Layer_13" }
				]
			},
			"Layer_25": {
				"attachment": [
					{ "time": 0, "name": null },
					{ "time": 3.5, "name": null }
				]
			},
			"Layer_26": {
				"attachment": [
					{ "time": 0, "name": null },
					{ "time": 3.5, "name": null }
				]
			},
			"Layer_27": {
				"attachment": [
					{ "time": 0, "name": null },
					{ "time": 3.5, "name": null }
				]
			},
			"Layer_28": {
				"attachment": [
					{ "time": 0, "name": null },
					{ "time": 3.5, "name": null }
				]
			},
			"Layer_29": {
				"attachment": [
					{ "time": 0, "name": null },
					{ "time": 3.5, "name": null }
				]
			}
		},
		"bones": {
			"root": {
				"rotate": [
					{ "time": 0, "angle": 0, "curve": "stepped" },
					{ "time": 3.5, "angle": 0 }
				],
				"translate": [
					{ "time": 0, "x": 0, "y": 0, "curve": "stepped" },
					{ "time": 3.5, "x": 0, "y": 0 }
				],
				"scale": [
					{ "time": 0, "x": 1, "y": 1, "curve": "stepped" },
					{ "time": 3.5, "x": 1, "y": 1 }
				]
			},
			"bone": {
				"scale": [
					{ "time": 0.0333, "x": 1, "y": 1 },
					{ "time": 0.1, "x": 1, "y": 0.2 },
					{ "time": 0.2, "x": 1, "y": 1, "curve": "stepped" },
					{ "time": 1.4333, "x": 1, "y": 1 },
					{ "time": 1.5, "x": 1, "y": 0.2 },
					{ "time": 1.6, "x": 1, "y": 1, "curve": "stepped" },
					{ "time": 3, "x": 1, "y": 1 },
					{ "time": 3.0667, "x": 1, "y": 0.2 },
					{ "time": 3.1667, "x": 1, "y": 1 }
				]
			},
			"bone2": {
				"scale": [
					{ "time": 0.0333, "x": 1, "y": 1 },
					{ "time": 0.1, "x": 1, "y": 0.2 },
					{ "time": 0.2, "x": 1, "y": 1, "curve": "stepped" },
					{ "time": 1.4333, "x": 1, "y": 1 },
					{ "time": 1.5, "x": 1, "y": 0.2 },
					{ "time": 1.6, "x": 1, "y": 1, "curve": "stepped" },
					{ "time": 3, "x": 1, "y": 1 },
					{ "time": 3.0667, "x": 1, "y": 0.2 },
					{ "time": 3.1667, "x": 1, "y": 1 }
				]
			}
		},
		"deform": {
			"default": {
				"Layer_18": {
					"Layer_17": [
						{ "time": 1.4333 },
						{
							"time": 1.5,
							"offset": 32,
							"vertices": [ -17.59494 ]
						}
					]
				},
				"Layer_19": {
					"Layer_17": [
						{ "time": 1.4333 },
						{
							"time": 1.5,
							"offset": 32,
							"vertices": [ -14.53494 ]
						}
					]
				}
			}
		},
		"drawOrder": [
			{ "time": 0 },
			{ "time": 3.5 }
		]
	},
	"run": {
		"slots": {
			"Layer_22": {
				"attachment": [
					{ "time": 0, "name": null },
					{ "time": 0.3333, "name": null },
					{ "time": 0.8333, "name": null },
					{ "time": 1.4333, "name": null },
					{ "time": 1.8667, "name": null },
					{ "time": 2, "name": null }
				]
			},
			"Layer_23": {
				"attachment": [
					{ "time": 0, "name": "Layer_14" },
					{ "time": 2, "name": "Layer_14" }
				]
			},
			"Layer_24": {
				"attachment": [
					{ "time": 0, "name": "Layer_13" },
					{ "time": 2, "name": "Layer_13" }
				]
			},
			"Layer_25": {
				"attachment": [
					{ "time": 0, "name": null },
					{ "time": 0.3333, "name": null },
					{ "time": 0.8333, "name": null },
					{ "time": 1.4333, "name": null },
					{ "time": 1.8667, "name": null },
					{ "time": 2, "name": null }
				]
			},
			"Layer_26": {
				"attachment": [
					{ "time": 0, "name": null },
					{ "time": 0.3333, "name": null },
					{ "time": 0.8333, "name": null },
					{ "time": 1.4333, "name": null },
					{ "time": 1.8667, "name": null },
					{ "time": 2, "name": null }
				]
			},
			"Layer_27": {
				"attachment": [
					{ "time": 0, "name": null },
					{ "time": 0.3333, "name": null },
					{ "time": 0.8333, "name": null },
					{ "time": 1.4333, "name": null },
					{ "time": 1.8667, "name": null },
					{ "time": 2, "name": null }
				]
			},
			"Layer_28": {
				"attachment": [
					{ "time": 0, "name": null },
					{ "time": 0.3333, "name": null },
					{ "time": 0.8333, "name": null },
					{ "time": 1.4333, "name": null },
					{ "time": 1.8667, "name": null },
					{ "time": 2, "name": null }
				]
			},
			"Layer_29": {
				"attachment": [
					{ "time": 0, "name": null },
					{ "time": 0.3333, "name": null },
					{ "time": 0.8333, "name": null },
					{ "time": 1.4333, "name": null },
					{ "time": 1.8667, "name": null },
					{ "time": 2, "name": null }
				]
			}
		},
		"bones": {
			"root": {
				"rotate": [
					{ "time": 0, "angle": 0, "curve": "stepped" },
					{ "time": 2, "angle": 0 }
				],
				"translate": [
					{ "time": 0, "x": 0, "y": 0, "curve": "stepped" },
					{ "time": 2, "x": 0, "y": 0 }
				],
				"scale": [
					{ "time": 0, "x": 1, "y": 1, "curve": "stepped" },
					{ "time": 2, "x": 1, "y": 1 }
				]
			},
			"xe gach": {
				"translate": [
					{ "time": 0, "x": 0, "y": 0 },
					{ "time": 0.3333, "x": 0, "y": -22.53 },
					{ "time": 0.6667, "x": 0, "y": 0 },
					{ "time": 1, "x": 0, "y": -22.53 },
					{ "time": 1.3333, "x": 0, "y": 0 },
					{ "time": 1.6667, "x": 0, "y": -22.53 },
					{ "time": 2, "x": 0, "y": 0 }
				]
			},
			"bone66": {
				"rotate": [
					{ "time": 0, "angle": 0 },
					{ "time": 1, "angle": 180 },
					{ "time": 2, "angle": 0 }
				]
			},
			"brick 5": {
				"rotate": [
					{ "time": 0, "angle": 0 },
					{ "time": 0.3333, "angle": -344.6 },
					{ "time": 0.8333, "angle": -12 },
					{ "time": 1.1333, "angle": 3.06 },
					{ "time": 1.4333, "angle": 0 },
					{ "time": 1.6333, "angle": -348.89 },
					{ "time": 1.8667, "angle": 0, "curve": "stepped" },
					{ "time": 2, "angle": 0 }
				],
				"translate": [
					{ "time": 0, "x": 0, "y": 0 },
					{ "time": 0.2, "x": 11.08, "y": -27.74 },
					{ "time": 0.3333, "x": 0, "y": 0 },
					{ "time": 0.6, "x": 11.08, "y": -27.74 },
					{ "time": 0.8333, "x": 0, "y": 0 },
					{ "time": 1.1333, "x": 11.08, "y": -27.74 },
					{ "time": 1.4333, "x": 0, "y": 0 },
					{ "time": 1.6333, "x": 11.08, "y": -27.74 },
					{ "time": 1.8667, "x": 0, "y": 0, "curve": "stepped" },
					{ "time": 2, "x": 0, "y": 0 }
				]
			},
			"brick 6": {
				"rotate": [
					{ "time": 0, "angle": 0 },
					{ "time": 0.3333, "angle": 15.4 },
					{ "time": 0.8333, "angle": -12 },
					{ "time": 1.1333, "angle": 3.06 },
					{ "time": 1.4333, "angle": 0 },
					{ "time": 1.6333, "angle": 11.11 },
					{ "time": 1.8667, "angle": 0, "curve": "stepped" },
					{ "time": 2, "angle": 0 }
				],
				"translate": [
					{ "time": 0, "x": 0, "y": 0 },
					{ "time": 0.2, "x": 9.38, "y": -23.47 },
					{ "time": 0.3333, "x": 0, "y": 0 },
					{ "time": 0.6, "x": 9.38, "y": -23.47 },
					{ "time": 0.8333, "x": 0, "y": 0 },
					{ "time": 1.1333, "x": 9.38, "y": -23.47 },
					{ "time": 1.4333, "x": 0, "y": 0 },
					{ "time": 1.6333, "x": 9.38, "y": -23.47 },
					{ "time": 1.8667, "x": 0, "y": 0, "curve": "stepped" },
					{ "time": 2, "x": 0, "y": 0 }
				]
			},
			"brick 1": {
				"rotate": [
					{ "time": 0, "angle": 0 },
					{ "time": 0.3333, "angle": 15.4 },
					{ "time": 0.8333, "angle": -12 },
					{ "time": 1.1333, "angle": 3.06 },
					{ "time": 1.4333, "angle": 0 },
					{ "time": 1.6333, "angle": 11.11 },
					{ "time": 1.8667, "angle": 0, "curve": "stepped" },
					{ "time": 2, "angle": 0 }
				],
				"translate": [
					{ "time": 0, "x": 0, "y": 0 },
					{ "time": 0.2, "x": 8.1, "y": -20.27 },
					{ "time": 0.3333, "x": 0, "y": 0 },
					{ "time": 0.6, "x": 8.1, "y": -20.27 },
					{ "time": 0.8333, "x": 0, "y": 0 },
					{ "time": 1.1333, "x": 8.1, "y": -20.27 },
					{ "time": 1.4333, "x": 0, "y": 0 },
					{ "time": 1.6333, "x": 8.1, "y": -20.27 },
					{ "time": 1.8667, "x": 0, "y": 0, "curve": "stepped" },
					{ "time": 2, "x": 0, "y": 0 }
				]
			},
			"brick 4": {
				"rotate": [
					{ "time": 0, "angle": 0 },
					{ "time": 0.3333, "angle": 15.4 },
					{ "time": 0.8333, "angle": 348 },
					{ "time": 1.1333, "angle": 3.06 },
					{ "time": 1.4333, "angle": 0 },
					{ "time": 1.6333, "angle": 11.11 },
					{ "time": 1.8667, "angle": 0, "curve": "stepped" },
					{ "time": 2, "angle": 0 }
				],
				"translate": [
					{ "time": 0, "x": 0, "y": 0 },
					{ "time": 0.2, "x": 6.39, "y": -16.01 },
					{ "time": 0.3333, "x": 0, "y": 0 },
					{ "time": 0.6, "x": 6.39, "y": -16.01 },
					{ "time": 0.8333, "x": 0, "y": 0 },
					{ "time": 1.1333, "x": 6.39, "y": -16.01 },
					{ "time": 1.4333, "x": 0, "y": 0 },
					{ "time": 1.6333, "x": 6.39, "y": -16.01 },
					{ "time": 1.8667, "x": 0, "y": 0, "curve": "stepped" },
					{ "time": 2, "x": 0, "y": 0 }
				]
			},
			"brick 2": {
				"rotate": [
					{ "time": 0, "angle": 0 },
					{ "time": 0.3333, "angle": 15.4 },
					{ "time": 0.8333, "angle": -12 },
					{ "time": 1.1333, "angle": 3.06 },
					{ "time": 1.4333, "angle": 0 },
					{ "time": 1.6333, "angle": 11.11 },
					{ "time": 1.8667, "angle": 0, "curve": "stepped" },
					{ "time": 2, "angle": 0 }
				],
				"translate": [
					{ "time": 0, "x": 0, "y": 0 },
					{ "time": 0.2, "x": 6.39, "y": -16 },
					{ "time": 0.3333, "x": 0, "y": 0 },
					{ "time": 0.6, "x": 6.39, "y": -16 },
					{ "time": 0.8333, "x": 0, "y": 0 },
					{ "time": 1.1333, "x": 6.39, "y": -16 },
					{ "time": 1.4333, "x": 0, "y": 0 },
					{ "time": 1.6333, "x": 6.39, "y": -16 },
					{ "time": 1.8667, "x": 0, "y": 0, "curve": "stepped" },
					{ "time": 2, "x": 0, "y": 0 }
				]
			},
			"brick 3": {
				"rotate": [
					{ "time": 0, "angle": 0 },
					{ "time": 0.3333, "angle": 15.4 },
					{ "time": 0.8333, "angle": -12 },
					{ "time": 1.1333, "angle": 3.06 },
					{ "time": 1.4333, "angle": 0 },
					{ "time": 1.6333, "angle": 11.11 },
					{ "time": 1.8667, "angle": 0, "curve": "stepped" },
					{ "time": 2, "angle": 0 }
				],
				"translate": [
					{ "time": 0, "x": 0, "y": 0 },
					{ "time": 0.2, "x": 5.12, "y": -12.8 },
					{ "time": 0.3333, "x": 0, "y": 0 },
					{ "time": 0.6, "x": 5.12, "y": -12.8 },
					{ "time": 0.8333, "x": 0, "y": 0 },
					{ "time": 1.1333, "x": 5.12, "y": -12.8 },
					{ "time": 1.4333, "x": 0, "y": 0 },
					{ "time": 1.6333, "x": 5.12, "y": -12.8 },
					{ "time": 1.8667, "x": 0, "y": 0, "curve": "stepped" },
					{ "time": 2, "x": 0, "y": 0 }
				]
			},
			"bone": {
				"scale": [
					{ "time": 0.4333, "x": 1, "y": 1 },
					{ "time": 0.5, "x": 1, "y": 0.2 },
					{ "time": 0.6, "x": 1, "y": 1 }
				]
			},
			"bone2": {
				"scale": [
					{ "time": 0.4333, "x": 1, "y": 1 },
					{ "time": 0.5, "x": 1, "y": 0.2 },
					{ "time": 0.6, "x": 1, "y": 1 }
				]
			}
		},
		"drawOrder": [
			{ "time": 0 },
			{ "time": 0.3333 },
			{ "time": 0.8333 },
			{ "time": 1.4333 },
			{ "time": 1.8667 },
			{ "time": 2 }
		]
	}
}
}