{
"skeleton": { "hash": "hKNSyHrv9sodogjqdHGVJHYULRA", "spine": "3.5.43", "width": 0, "height": 0, "images": "" },
"bones": [
	{ "name": "root" },
	{ "name": "bone28", "parent": "root", "x": -345.51, "y": 1039.86 },
	{ "name": "bone19", "parent": "bone28", "length": 173.24, "rotation": -90, "x": 0.27, "y": -5.86 },
	{ "name": "bone20", "parent": "bone19", "length": 175.68, "x": 173.24 },
	{ "name": "bone21", "parent": "bone20", "length": 179.08, "x": 175.11, "y": -0.64 },
	{ "name": "bone", "parent": "bone21", "rotation": 90, "x": 271.48, "y": 7.37 },
	{ "name": "bone2", "parent": "bone", "x": -0.39, "y": -68.97 },
	{ "name": "bone3", "parent": "bone", "length": 46.69, "rotation": -34.82, "x": 45.91, "y": -19.21 },
	{ "name": "bone4", "parent": "bone3", "length": 51.88, "rotation": -33.5, "x": 46.07, "y": 0.31 },
	{ "name": "bone5", "parent": "bone", "length": 46.69, "rotation": 7.33, "x": 45.91, "y": -7.74 },
	{ "name": "bone6", "parent": "bone5", "length": 51.88, "rotation": 44.4, "x": 46.07, "y": 0.31 },
	{ "name": "bone7", "parent": "bone", "length": 46.69, "rotation": 34.4, "x": 45.91, "y": 25.29 },
	{ "name": "bone8", "parent": "bone7", "length": 51.88, "rotation": 44.4, "x": 46.07, "y": 0.31 },
	{ "name": "bone9", "parent": "bone", "length": 46.69, "rotation": -154.81, "x": -48.37, "y": -19.21 },
	{ "name": "bone10", "parent": "bone9", "length": 51.88, "rotation": 43.54, "x": 46.07, "y": 0.31 },
	{ "name": "bone11", "parent": "bone", "length": 46.69, "rotation": 165.96, "x": -48.37, "y": -5.02 },
	{ "name": "bone12", "parent": "bone11", "length": 51.88, "rotation": -51.84, "x": 46.07, "y": 0.31 },
	{ "name": "bone13", "parent": "bone", "length": 46.69, "rotation": 148.64, "x": -48.37, "y": 31.52 },
	{ "name": "bone14", "parent": "bone13", "length": 51.88, "rotation": -51.84, "x": 46.07, "y": 0.31 },
	{ "name": "bone15", "parent": "bone", "length": 46.69, "rotation": -142.51, "x": -19.51, "y": -53.84 },
	{ "name": "bone16", "parent": "bone15", "length": 51.88, "rotation": 43.54, "x": 46.07, "y": 0.31 },
	{ "name": "bone17", "parent": "bone", "length": 46.69, "rotation": -51.55, "x": 21.34, "y": -53.53 },
	{ "name": "bone18", "parent": "bone17", "length": 51.88, "rotation": -33.5, "x": 46.07, "y": 0.31 },
	{ "name": "bone22", "parent": "bone28", "length": 87, "rotation": -90, "x": 0.52, "y": -5.14 },
	{ "name": "bone23", "parent": "bone22", "length": 87, "rotation": -0.71, "x": 69.42 },
	{ "name": "bone24", "parent": "bone23", "length": 87, "rotation": -0.41, "x": 75.66 },
	{ "name": "bone25", "parent": "bone24", "length": 87, "rotation": 1.12, "x": 60.12 },
	{ "name": "bone26", "parent": "bone25", "length": 87, "x": 61.2 },
	{ "name": "bone27", "parent": "bone26", "length": 87, "x": 59.13 }
],
"slots": [
	{ "name": "images/Layer_17", "bone": "bone4", "attachment": "skin" },
	{ "name": "images/Layer_32", "bone": "bone18", "attachment": "skin" },
	{ "name": "images/Layer_24", "bone": "bone10", "attachment": "skin" },
	{ "name": "images/Layer_30", "bone": "bone16", "attachment": "skin" },
	{ "name": "images/Layer_26", "bone": "bone12", "attachment": "skin" },
	{ "name": "images/Layer_28", "bone": "bone14", "attachment": "skin" },
	{ "name": "images/Layer_20", "bone": "bone6", "attachment": "skin" },
	{ "name": "images/Layer_22", "bone": "bone8", "attachment": "skin" },
	{ "name": "images/Layer_18", "bone": "bone3", "attachment": "skin" },
	{ "name": "images/Layer_31", "bone": "bone17", "attachment": "skin" },
	{ "name": "images/Layer_23", "bone": "bone9", "attachment": "skin" },
	{ "name": "images/Layer_29", "bone": "bone15", "attachment": "skin" },
	{ "name": "images/Layer_25", "bone": "bone11", "attachment": "skin" },
	{ "name": "images/Layer_27", "bone": "bone13", "attachment": "skin" },
	{ "name": "images/Layer_19", "bone": "bone5", "attachment": "skin" },
	{ "name": "images/Layer_21", "bone": "bone7", "attachment": "skin" },
	{ "name": "images/Layer_14", "bone": "bone", "attachment": "spider 1" },
	{ "name": "images/Layer_16", "bone": "bone2", "attachment": "images/Layer_16" },
	{ "name": "images/Layer_33", "bone": "root", "attachment": "skin" },
	{ "name": "rope", "bone": "bone28", "attachment": "rope" }
],
"path": [
	{
		"name": "rope",
		"order": 0,
		"bones": [ "bone22", "bone23", "bone24", "bone25", "bone26", "bone27" ],
		"target": "rope",
		"rotateMode": "chainScale"
	}
],
"skins": {
	"default": {
		"images/Layer_16": {
			"images/Layer_15": { "width": 42, "height": 42 },
			"images/Layer_16": { "x": -0.05, "y": 1.48, "width": 40, "height": 41 },
			"images/Layer_19": { "x": 0.88, "y": -0.87, "rotation": 8.27, "width": 41, "height": 32 }
		},
		"rope": {
			"rope": {
				"type": "path",
				"lengths": [ 192.02, 358.46, 527.8, 1113.21 ],
				"vertexCount": 12,
				"vertices": [ 1, 2, -58.34, 0.56, 1, 1, 2, -0.74, 0.26, 1, 2, 2, 47.11, 0.41, 0.752, 3, -126.13, 0.41, 0.248, 2, 2, 137.52, 0.4, 0.512, 3, -35.72, 0.4, 0.488, 2, 2, 191.28, 0.36, 0.496, 3, 18.04, 0.36, 0.504, 2, 2, 245.05, 0.31, 0.168, 3, 71.81, 0.31, 0.832, 2, 3, 134.12, -0.08, 0.728, 4, -41, 0.55, 0.272, 2, 3, 184.48, -0.04, 0.512, 4, 9.37, 0.59, 0.488, 2, 3, 234.85, 0, 0.52, 4, 59.73, 0.63, 0.48, 2, 3, 322.1, -0.3, 0.232, 4, 146.98, 0.34, 0.768, 1, 4, 178.7, 1.26, 1, 1, 2, 577.78, 3.38, 1 ]
			}
		}
	},
	"spider 1": {
		"images/Layer_14": {
			"spider 1": { "name": "images/Layer_14", "x": 1.86, "y": -3.65, "rotation": 2.57, "width": 149, "height": 215 }
		},
		"images/Layer_17": {
			"skin": { "name": "images/Layer_17", "x": 23.69, "y": 3.07, "rotation": 96.93, "width": 24, "height": 61 }
		},
		"images/Layer_18": {
			"skin": { "name": "images/Layer_18", "x": 25.51, "y": 0.64, "rotation": 63.43, "width": 39, "height": 59 }
		},
		"images/Layer_19": {
			"skin": { "name": "images/Layer_18", "x": 25.51, "y": 0.64, "rotation": 63.43, "width": 39, "height": 59 }
		},
		"images/Layer_20": {
			"skin": { "name": "images/Layer_17", "x": 23.69, "y": 3.07, "rotation": 96.93, "width": 24, "height": 61 }
		},
		"images/Layer_21": {
			"skin": { "name": "images/Layer_18", "x": 25.51, "y": 0.64, "rotation": 63.43, "width": 39, "height": 59 }
		},
		"images/Layer_22": {
			"skin": { "name": "images/Layer_17", "x": 23.69, "y": 3.07, "rotation": 96.93, "width": 24, "height": 61 }
		},
		"images/Layer_23": {
			"skin": { "name": "images/Layer_18", "x": 25.51, "y": 0.64, "rotation": 63.43, "width": 39, "height": 59 }
		},
		"images/Layer_24": {
			"skin": { "name": "images/Layer_17", "x": 23.69, "y": 3.07, "rotation": 96.93, "width": 24, "height": 61 }
		},
		"images/Layer_25": {
			"skin": { "name": "images/Layer_18", "x": 25.51, "y": 0.64, "rotation": 63.43, "width": 39, "height": 59 }
		},
		"images/Layer_26": {
			"skin": { "name": "images/Layer_17", "x": 23.69, "y": 3.07, "rotation": 96.93, "width": 24, "height": 61 }
		},
		"images/Layer_27": {
			"skin": { "name": "images/Layer_18", "x": 25.51, "y": 0.64, "rotation": 63.43, "width": 39, "height": 59 }
		},
		"images/Layer_28": {
			"skin": { "name": "images/Layer_17", "x": 23.69, "y": 3.07, "rotation": 96.93, "width": 24, "height": 61 }
		},
		"images/Layer_29": {
			"skin": { "name": "images/Layer_18", "x": 25.51, "y": 0.64, "rotation": 63.43, "width": 39, "height": 59 }
		},
		"images/Layer_30": {
			"skin": { "name": "images/Layer_17", "x": 23.69, "y": 3.07, "rotation": 96.93, "width": 24, "height": 61 }
		},
		"images/Layer_31": {
			"skin": { "name": "images/Layer_18", "x": 25.51, "y": 0.64, "rotation": 63.43, "width": 39, "height": 59 }
		},
		"images/Layer_32": {
			"skin": { "name": "images/Layer_17", "x": 23.69, "y": 3.07, "rotation": 96.93, "width": 24, "height": 61 }
		},
		"images/Layer_33": {
			"skin": {
				"name": "images/Layer_20",
				"type": "mesh",
				"uvs": [ 1, 0.08361, 1, 0.16875, 1, 0.24754, 1, 0.33095, 1, 0.41239, 1, 0.49457, 1, 0.57023, 1, 0.65827, 1, 0.73942, 1, 0.82409, 1, 0.90967, 1, 1, 0, 1, 0, 0.90917, 0, 0.82409, 0, 0.73993, 0, 0.6589, 0, 0.56981, 0, 0.49518, 0, 0.41193, 0, 0.33164, 0, 0.24754, 0, 0.16875, 0, 0.08315, 0, 0, 1, 0 ],
				"triangles": [ 12, 10, 11, 12, 13, 10, 13, 9, 10, 13, 14, 9, 9, 15, 8, 9, 14, 15, 15, 16, 8, 16, 7, 8, 16, 17, 7, 17, 6, 7, 6, 18, 5, 6, 17, 18, 18, 19, 5, 19, 4, 5, 4, 20, 3, 4, 19, 20, 20, 21, 3, 21, 2, 3, 21, 22, 2, 22, 1, 2, 1, 22, 0, 22, 23, 0, 23, 25, 0, 23, 24, 25 ],
				"vertices": [ 3, 23, 43.39, 3.23, 0.76298, 24, -43.55, 3.16, 0.23702, 27, -304.88, 3.56, 0, 4, 23, 88.58, 3.17, 0.42352, 24, 1.57, 3.17, 0.54091, 25, -85.54, 2.99, 0.03557, 27, -259.69, 3.57, 0, 4, 23, 130.39, 3.11, 0.13798, 24, 43.32, 3.17, 0.65023, 25, -43.74, 3.08, 0.21178, 27, -217.88, 3.57, 0, 5, 23, 174.66, 3.05, 0.01777, 24, 87.53, 3.18, 0.44932, 25, 0.52, 3.18, 0.49735, 26, -86.38, 3.14, 0.03557, 27, -173.61, 3.58, 0, 5, 23, 217.89, 2.99, 0, 24, 130.68, 3.18, 0.16322, 25, 43.73, 3.27, 0.63006, 26, -43.22, 3.25, 0.20672, 27, -130.39, 3.58, 0, 5, 23, 261.5, 2.93, 0, 24, 174.23, 3.18, 0.02693, 25, 87.33, 3.37, 0.44521, 26, 0.33, 3.37, 0.4959, 27, -86.78, 3.59, 0.03196, 5, 23, 301.66, 2.87, 0, 24, 214.32, 3.19, 0, 25, 127.48, 3.46, 0.16828, 26, 40.43, 3.47, 0.63707, 27, -46.63, 3.59, 0.19465, 6, 23, 348.39, 2.8, 0, 24, 260.98, 3.19, 0, 25, 174.19, 3.56, 0.02693, 26, 87.09, 3.59, 0.4645, 27, 0.1, 3.59, 0.47008, 28, -86.47, 4.15, 0.03849, 5, 23, 391.46, 2.74, 0, 24, 303.98, 3.19, 0, 26, 130.1, 3.71, 0.18035, 27, 43.17, 3.6, 0.60018, 28, -43.61, 3.88, 0.21947, 4, 24, 348.85, 3.2, 0, 26, 174.97, 3.82, 0.03054, 27, 88.1, 3.6, 0.42302, 28, 1.12, 3.6, 0.54644, 4, 24, 394.2, 3.2, 0, 26, 220.32, 3.94, 0, 27, 133.52, 3.61, 0.15553, 28, 46.32, 3.31, 0.84447, 3, 26, 268.19, 4.07, 0, 27, 181.45, 3.61, 0.03202, 28, 94.03, 3.01, 0.96798, 3, 26, 268.21, -2.93, 0, 27, 181.45, -3.39, 0.03001, 28, 93.99, -3.99, 0.96999, 3, 26, 220.07, -3.06, 0, 27, 133.25, -3.39, 0.15553, 28, 46.01, -3.69, 0.84447, 4, 24, 348.85, -3.8, 0, 26, 174.99, -3.18, 0.02838, 27, 88.1, -3.4, 0.42216, 28, 1.07, -3.4, 0.54946, 4, 24, 304.25, -3.81, 0, 26, 130.38, -3.29, 0.18035, 27, 43.43, -3.4, 0.60018, 28, -43.38, -3.12, 0.21947, 6, 23, 348.71, -4.2, 0, 24, 261.31, -3.81, 0, 25, 174.54, -3.44, 0.02596, 26, 87.44, -3.4, 0.46117, 27, 0.43, -3.41, 0.47288, 28, -86.18, -2.86, 0.04, 5, 23, 301.42, -4.13, 0, 24, 214.1, -3.81, 0, 25, 127.27, -3.54, 0.16828, 26, 40.22, -3.53, 0.63707, 27, -46.85, -3.41, 0.19465, 5, 23, 261.82, -4.08, 0, 24, 174.56, -3.82, 0.02342, 25, 87.67, -3.63, 0.44677, 26, 0.68, -3.63, 0.49569, 27, -86.45, -3.41, 0.03412, 5, 23, 217.63, -4.01, 0, 24, 130.44, -3.82, 0.16322, 25, 43.5, -3.73, 0.63006, 26, -43.45, -3.75, 0.20672, 27, -130.64, -3.42, 0, 5, 23, 175.02, -3.95, 0.01997, 24, 87.89, -3.82, 0.44009, 25, 0.9, -3.82, 0.5034, 26, -86, -3.86, 0.03654, 27, -173.25, -3.42, 0, 4, 23, 130.38, -3.89, 0.13798, 24, 43.32, -3.83, 0.65023, 25, -43.73, -3.92, 0.21178, 27, -217.88, -3.43, 0, 4, 23, 88.57, -3.83, 0.42793, 24, 1.57, -3.83, 0.533, 25, -85.53, -4.01, 0.03908, 27, -259.69, -3.43, 0, 2, 23, 43.13, -3.77, 0.76298, 24, -43.79, -3.84, 0.23702, 2, 23, -1, -3.71, 0.9433, 24, -87.86, -3.84, 0.0567, 2, 23, -0.99, 3.29, 0.94036, 24, -87.86, 3.16, 0.05964 ],
				"hull": 26,
				"edges": [ 22, 24, 48, 50, 36, 10, 44, 2, 40, 6, 32, 14, 28, 18, 44, 46, 46, 48, 2, 0, 0, 50, 46, 0, 40, 42, 42, 44, 2, 4, 4, 6, 42, 4, 36, 38, 38, 40, 6, 8, 8, 10, 38, 8, 32, 34, 34, 36, 10, 12, 12, 14, 34, 12, 28, 30, 30, 32, 14, 16, 16, 18, 30, 16, 24, 26, 26, 28, 18, 20, 20, 22, 26, 20 ],
				"width": 7,
				"height": 262
			}
		}
	},
	"spider 2": {
		"images/Layer_14": {
			"spider 1": { "name": "images/Layer_14 - Copy", "width": 149, "height": 215 }
		},
		"images/Layer_17": {
			"skin": { "name": "images/Layer_17 - Copy", "x": 23.69, "y": 3.07, "rotation": 96.93, "width": 24, "height": 61 }
		},
		"images/Layer_18": {
			"skin": { "name": "images/Layer_18 - Copy", "x": 25.51, "y": 0.64, "rotation": 63.43, "width": 39, "height": 59 }
		},
		"images/Layer_19": {
			"skin": { "name": "images/Layer_18 - Copy", "x": 25.51, "y": 0.64, "rotation": 63.43, "width": 39, "height": 59 }
		},
		"images/Layer_20": {
			"skin": { "name": "images/Layer_17 - Copy", "x": 23.69, "y": 3.07, "rotation": 96.93, "width": 24, "height": 61 }
		},
		"images/Layer_21": {
			"skin": { "name": "images/Layer_18 - Copy", "x": 25.51, "y": 0.64, "rotation": 63.43, "width": 39, "height": 59 }
		},
		"images/Layer_22": {
			"skin": { "name": "images/Layer_17 - Copy", "x": 23.69, "y": 3.07, "rotation": 96.93, "width": 24, "height": 61 }
		},
		"images/Layer_23": {
			"skin": { "name": "images/Layer_18 - Copy", "x": 25.51, "y": 0.64, "rotation": 63.43, "width": 39, "height": 59 }
		},
		"images/Layer_24": {
			"skin": { "name": "images/Layer_17 - Copy", "x": 23.69, "y": 3.07, "rotation": 96.93, "width": 24, "height": 61 }
		},
		"images/Layer_25": {
			"skin": { "name": "images/Layer_18 - Copy", "x": 25.51, "y": 0.64, "rotation": 63.43, "width": 39, "height": 59 }
		},
		"images/Layer_26": {
			"skin": { "name": "images/Layer_17 - Copy", "x": 23.69, "y": 3.07, "rotation": 96.93, "width": 24, "height": 61 }
		},
		"images/Layer_27": {
			"skin": { "name": "images/Layer_18 - Copy", "x": 25.51, "y": 0.64, "rotation": 63.43, "width": 39, "height": 59 }
		},
		"images/Layer_28": {
			"skin": { "name": "images/Layer_17 - Copy", "x": 23.69, "y": 3.07, "rotation": 96.93, "width": 24, "height": 61 }
		},
		"images/Layer_29": {
			"skin": { "name": "images/Layer_18 - Copy", "x": 25.51, "y": 0.64, "rotation": 63.43, "width": 39, "height": 59 }
		},
		"images/Layer_30": {
			"skin": { "name": "images/Layer_17 - Copy", "x": 23.69, "y": 3.07, "rotation": 96.93, "width": 24, "height": 61 }
		},
		"images/Layer_31": {
			"skin": { "name": "images/Layer_18 - Copy", "x": 25.51, "y": 0.64, "rotation": 63.43, "width": 39, "height": 59 }
		},
		"images/Layer_32": {
			"skin": { "name": "images/Layer_17 - Copy", "x": 23.69, "y": 3.07, "rotation": 96.93, "width": 24, "height": 61 }
		},
		"images/Layer_33": {
			"skin": {
				"name": "images/Layer_20 - Copy",
				"type": "mesh",
				"uvs": [ 1, 0.08361, 1, 0.16875, 1, 0.24754, 1, 0.33095, 1, 0.41239, 1, 0.49457, 1, 0.57023, 1, 0.65827, 1, 0.73942, 1, 0.82409, 1, 0.90967, 1, 1, 0, 1, 0, 0.90917, 0, 0.82409, 0, 0.73993, 0, 0.6589, 0, 0.56981, 0, 0.49518, 0, 0.41193, 0, 0.33164, 0, 0.24754, 0, 0.16875, 0, 0.08315, 0, 0, 1, 0 ],
				"triangles": [ 12, 10, 11, 12, 13, 10, 13, 9, 10, 13, 14, 9, 9, 15, 8, 9, 14, 15, 15, 16, 8, 16, 7, 8, 16, 17, 7, 17, 6, 7, 6, 18, 5, 6, 17, 18, 18, 19, 5, 19, 4, 5, 4, 20, 3, 4, 19, 20, 20, 21, 3, 21, 2, 3, 21, 22, 2, 22, 1, 2, 1, 22, 0, 22, 23, 0, 23, 25, 0, 23, 24, 25 ],
				"vertices": [ 3, 23, 43.39, 3.23, 0.76298, 24, -43.55, 3.16, 0.23702, 27, -304.88, 3.56, 0, 4, 23, 88.58, 3.17, 0.42352, 24, 1.57, 3.17, 0.54091, 25, -85.54, 2.99, 0.03557, 27, -259.69, 3.57, 0, 4, 23, 130.39, 3.11, 0.13798, 24, 43.32, 3.17, 0.65023, 25, -43.74, 3.08, 0.21178, 27, -217.88, 3.57, 0, 5, 23, 174.66, 3.05, 0.01777, 24, 87.53, 3.18, 0.44932, 25, 0.52, 3.18, 0.49735, 26, -86.38, 3.14, 0.03557, 27, -173.61, 3.58, 0, 5, 23, 217.89, 2.99, 0, 24, 130.68, 3.18, 0.16322, 25, 43.73, 3.27, 0.63006, 26, -43.22, 3.25, 0.20672, 27, -130.39, 3.58, 0, 5, 23, 261.5, 2.93, 0, 24, 174.23, 3.18, 0.02693, 25, 87.33, 3.37, 0.44521, 26, 0.33, 3.37, 0.4959, 27, -86.78, 3.59, 0.03196, 5, 23, 301.66, 2.87, 0, 24, 214.32, 3.19, 0, 25, 127.48, 3.46, 0.16828, 26, 40.43, 3.47, 0.63707, 27, -46.63, 3.59, 0.19465, 6, 23, 348.39, 2.8, 0, 24, 260.98, 3.19, 0, 25, 174.19, 3.56, 0.02693, 26, 87.09, 3.59, 0.4645, 27, 0.1, 3.59, 0.47008, 28, -86.47, 4.15, 0.03849, 5, 23, 391.46, 2.74, 0, 24, 303.98, 3.19, 0, 26, 130.1, 3.71, 0.18035, 27, 43.17, 3.6, 0.60018, 28, -43.61, 3.88, 0.21947, 4, 24, 348.85, 3.2, 0, 26, 174.97, 3.82, 0.03054, 27, 88.1, 3.6, 0.42302, 28, 1.12, 3.6, 0.54644, 4, 24, 394.2, 3.2, 0, 26, 220.32, 3.94, 0, 27, 133.52, 3.61, 0.15553, 28, 46.32, 3.31, 0.84447, 3, 26, 268.19, 4.07, 0, 27, 181.45, 3.61, 0.03202, 28, 94.03, 3.01, 0.96798, 3, 26, 268.21, -2.93, 0, 27, 181.45, -3.39, 0.03001, 28, 93.99, -3.99, 0.96999, 3, 26, 220.07, -3.06, 0, 27, 133.25, -3.39, 0.15553, 28, 46.01, -3.69, 0.84447, 4, 24, 348.85, -3.8, 0, 26, 174.99, -3.18, 0.02838, 27, 88.1, -3.4, 0.42216, 28, 1.07, -3.4, 0.54946, 4, 24, 304.25, -3.81, 0, 26, 130.38, -3.29, 0.18035, 27, 43.43, -3.4, 0.60018, 28, -43.38, -3.12, 0.21947, 6, 23, 348.71, -4.2, 0, 24, 261.31, -3.81, 0, 25, 174.54, -3.44, 0.02596, 26, 87.44, -3.4, 0.46117, 27, 0.43, -3.41, 0.47288, 28, -86.18, -2.86, 0.04, 5, 23, 301.42, -4.13, 0, 24, 214.1, -3.81, 0, 25, 127.27, -3.54, 0.16828, 26, 40.22, -3.53, 0.63707, 27, -46.85, -3.41, 0.19465, 5, 23, 261.82, -4.08, 0, 24, 174.56, -3.82, 0.02342, 25, 87.67, -3.63, 0.44677, 26, 0.68, -3.63, 0.49569, 27, -86.45, -3.41, 0.03412, 5, 23, 217.63, -4.01, 0, 24, 130.44, -3.82, 0.16322, 25, 43.5, -3.73, 0.63006, 26, -43.45, -3.75, 0.20672, 27, -130.64, -3.42, 0, 5, 23, 175.02, -3.95, 0.01997, 24, 87.89, -3.82, 0.44009, 25, 0.9, -3.82, 0.5034, 26, -86, -3.86, 0.03654, 27, -173.25, -3.42, 0, 4, 23, 130.38, -3.89, 0.13798, 24, 43.32, -3.83, 0.65023, 25, -43.73, -3.92, 0.21178, 27, -217.88, -3.43, 0, 4, 23, 88.57, -3.83, 0.42793, 24, 1.57, -3.83, 0.533, 25, -85.53, -4.01, 0.03908, 27, -259.69, -3.43, 0, 2, 23, 43.13, -3.77, 0.76298, 24, -43.79, -3.84, 0.23702, 2, 23, -1, -3.71, 0.9433, 24, -87.86, -3.84, 0.0567, 2, 23, -0.99, 3.29, 0.94036, 24, -87.86, 3.16, 0.05964 ],
				"hull": 26,
				"edges": [ 22, 24, 48, 50, 36, 10, 44, 2, 40, 6, 32, 14, 28, 18, 44, 46, 46, 48, 2, 0, 0, 50, 46, 0, 40, 42, 42, 44, 2, 4, 4, 6, 42, 4, 36, 38, 38, 40, 6, 8, 8, 10, 38, 8, 32, 34, 34, 36, 10, 12, 12, 14, 34, 12, 28, 30, 30, 32, 14, 16, 16, 18, 30, 16, 24, 26, 26, 28, 18, 20, 20, 22, 26, 20 ],
				"width": 7,
				"height": 262
			}
		}
	},
	"spider 3": {
		"images/Layer_14": {
			"spider 1": { "name": "images/Layer_14 - Copy (2)", "width": 149, "height": 215 }
		},
		"images/Layer_17": {
			"skin": { "name": "images/Layer_17 - Copy (2)", "x": 23.69, "y": 3.07, "rotation": 96.93, "width": 24, "height": 61 }
		},
		"images/Layer_18": {
			"skin": { "name": "images/Layer_18 - Copy (2)", "x": 25.51, "y": 0.64, "rotation": 63.43, "width": 39, "height": 59 }
		},
		"images/Layer_19": {
			"skin": { "name": "images/Layer_18 - Copy (2)", "x": 25.51, "y": 0.64, "rotation": 63.43, "width": 39, "height": 59 }
		},
		"images/Layer_20": {
			"skin": { "name": "images/Layer_17 - Copy (2)", "x": 23.69, "y": 3.07, "rotation": 96.93, "width": 24, "height": 61 }
		},
		"images/Layer_21": {
			"skin": { "name": "images/Layer_18 - Copy (2)", "x": 25.51, "y": 0.64, "rotation": 63.43, "width": 39, "height": 59 }
		},
		"images/Layer_22": {
			"skin": { "name": "images/Layer_17 - Copy (2)", "x": 23.69, "y": 3.07, "rotation": 96.93, "width": 24, "height": 61 }
		},
		"images/Layer_23": {
			"skin": { "name": "images/Layer_18 - Copy (2)", "x": 25.51, "y": 0.64, "rotation": 63.43, "width": 39, "height": 59 }
		},
		"images/Layer_24": {
			"skin": { "name": "images/Layer_17 - Copy (2)", "x": 23.69, "y": 3.07, "rotation": 96.93, "width": 24, "height": 61 }
		},
		"images/Layer_25": {
			"skin": { "name": "images/Layer_18 - Copy (2)", "x": 25.51, "y": 0.64, "rotation": 63.43, "width": 39, "height": 59 }
		},
		"images/Layer_26": {
			"skin": { "name": "images/Layer_17 - Copy (2)", "x": 23.69, "y": 3.07, "rotation": 96.93, "width": 24, "height": 61 }
		},
		"images/Layer_27": {
			"skin": { "name": "images/Layer_18 - Copy (2)", "x": 25.51, "y": 0.64, "rotation": 63.43, "width": 39, "height": 59 }
		},
		"images/Layer_28": {
			"skin": { "name": "images/Layer_17 - Copy (2)", "x": 23.69, "y": 3.07, "rotation": 96.93, "width": 24, "height": 61 }
		},
		"images/Layer_29": {
			"skin": { "name": "images/Layer_18 - Copy (2)", "x": 25.51, "y": 0.64, "rotation": 63.43, "width": 39, "height": 59 }
		},
		"images/Layer_30": {
			"skin": { "name": "images/Layer_17 - Copy (2)", "x": 23.69, "y": 3.07, "rotation": 96.93, "width": 24, "height": 61 }
		},
		"images/Layer_31": {
			"skin": { "name": "images/Layer_18 - Copy (2)", "x": 25.51, "y": 0.64, "rotation": 63.43, "width": 39, "height": 59 }
		},
		"images/Layer_32": {
			"skin": { "name": "images/Layer_17 - Copy (2)", "x": 23.69, "y": 3.07, "rotation": 96.93, "width": 24, "height": 61 }
		},
		"images/Layer_33": {
			"skin": {
				"name": "images/Layer_20 - Copy (2)",
				"type": "mesh",
				"uvs": [ 1, 0.08361, 1, 0.16875, 1, 0.24754, 1, 0.33095, 1, 0.41239, 1, 0.49457, 1, 0.57023, 1, 0.65827, 1, 0.73942, 1, 0.82409, 1, 0.90967, 1, 1, 0, 1, 0, 0.90917, 0, 0.82409, 0, 0.73993, 0, 0.6589, 0, 0.56981, 0, 0.49518, 0, 0.41193, 0, 0.33164, 0, 0.24754, 0, 0.16875, 0, 0.08315, 0, 0, 1, 0 ],
				"triangles": [ 12, 10, 11, 12, 13, 10, 13, 9, 10, 13, 14, 9, 9, 15, 8, 9, 14, 15, 15, 16, 8, 16, 7, 8, 16, 17, 7, 17, 6, 7, 6, 18, 5, 6, 17, 18, 18, 19, 5, 19, 4, 5, 4, 20, 3, 4, 19, 20, 20, 21, 3, 21, 2, 3, 21, 22, 2, 22, 1, 2, 1, 22, 0, 22, 23, 0, 23, 25, 0, 23, 24, 25 ],
				"vertices": [ 3, 23, 43.39, 3.23, 0.76298, 24, -43.55, 3.16, 0.23702, 27, -304.88, 3.56, 0, 4, 23, 88.58, 3.17, 0.42352, 24, 1.57, 3.17, 0.54091, 25, -85.54, 2.99, 0.03557, 27, -259.69, 3.57, 0, 4, 23, 130.39, 3.11, 0.13798, 24, 43.32, 3.17, 0.65023, 25, -43.74, 3.08, 0.21178, 27, -217.88, 3.57, 0, 5, 23, 174.66, 3.05, 0.01777, 24, 87.53, 3.18, 0.44932, 25, 0.52, 3.18, 0.49735, 26, -86.38, 3.14, 0.03557, 27, -173.61, 3.58, 0, 5, 23, 217.89, 2.99, 0, 24, 130.68, 3.18, 0.16322, 25, 43.73, 3.27, 0.63006, 26, -43.22, 3.25, 0.20672, 27, -130.39, 3.58, 0, 5, 23, 261.5, 2.93, 0, 24, 174.23, 3.18, 0.02693, 25, 87.33, 3.37, 0.44521, 26, 0.33, 3.37, 0.4959, 27, -86.78, 3.59, 0.03196, 5, 23, 301.66, 2.87, 0, 24, 214.32, 3.19, 0, 25, 127.48, 3.46, 0.16828, 26, 40.43, 3.47, 0.63707, 27, -46.63, 3.59, 0.19465, 6, 23, 348.39, 2.8, 0, 24, 260.98, 3.19, 0, 25, 174.19, 3.56, 0.02693, 26, 87.09, 3.59, 0.4645, 27, 0.1, 3.59, 0.47008, 28, -86.47, 4.15, 0.03849, 5, 23, 391.46, 2.74, 0, 24, 303.98, 3.19, 0, 26, 130.1, 3.71, 0.18035, 27, 43.17, 3.6, 0.60018, 28, -43.61, 3.88, 0.21947, 4, 24, 348.85, 3.2, 0, 26, 174.97, 3.82, 0.03054, 27, 88.1, 3.6, 0.42302, 28, 1.12, 3.6, 0.54644, 4, 24, 394.2, 3.2, 0, 26, 220.32, 3.94, 0, 27, 133.52, 3.61, 0.15553, 28, 46.32, 3.31, 0.84447, 3, 26, 268.19, 4.07, 0, 27, 181.45, 3.61, 0.03202, 28, 94.03, 3.01, 0.96798, 3, 26, 268.21, -2.93, 0, 27, 181.45, -3.39, 0.03001, 28, 93.99, -3.99, 0.96999, 3, 26, 220.07, -3.06, 0, 27, 133.25, -3.39, 0.15553, 28, 46.01, -3.69, 0.84447, 4, 24, 348.85, -3.8, 0, 26, 174.99, -3.18, 0.02838, 27, 88.1, -3.4, 0.42216, 28, 1.07, -3.4, 0.54946, 4, 24, 304.25, -3.81, 0, 26, 130.38, -3.29, 0.18035, 27, 43.43, -3.4, 0.60018, 28, -43.38, -3.12, 0.21947, 6, 23, 348.71, -4.2, 0, 24, 261.31, -3.81, 0, 25, 174.54, -3.44, 0.02596, 26, 87.44, -3.4, 0.46117, 27, 0.43, -3.41, 0.47288, 28, -86.18, -2.86, 0.04, 5, 23, 301.42, -4.13, 0, 24, 214.1, -3.81, 0, 25, 127.27, -3.54, 0.16828, 26, 40.22, -3.53, 0.63707, 27, -46.85, -3.41, 0.19465, 5, 23, 261.82, -4.08, 0, 24, 174.56, -3.82, 0.02342, 25, 87.67, -3.63, 0.44677, 26, 0.68, -3.63, 0.49569, 27, -86.45, -3.41, 0.03412, 5, 23, 217.63, -4.01, 0, 24, 130.44, -3.82, 0.16322, 25, 43.5, -3.73, 0.63006, 26, -43.45, -3.75, 0.20672, 27, -130.64, -3.42, 0, 5, 23, 175.02, -3.95, 0.01997, 24, 87.89, -3.82, 0.44009, 25, 0.9, -3.82, 0.5034, 26, -86, -3.86, 0.03654, 27, -173.25, -3.42, 0, 4, 23, 130.38, -3.89, 0.13798, 24, 43.32, -3.83, 0.65023, 25, -43.73, -3.92, 0.21178, 27, -217.88, -3.43, 0, 4, 23, 88.57, -3.83, 0.42793, 24, 1.57, -3.83, 0.533, 25, -85.53, -4.01, 0.03908, 27, -259.69, -3.43, 0, 2, 23, 43.13, -3.77, 0.76298, 24, -43.79, -3.84, 0.23702, 2, 23, -1, -3.71, 0.9433, 24, -87.86, -3.84, 0.0567, 2, 23, -0.99, 3.29, 0.94036, 24, -87.86, 3.16, 0.05964 ],
				"hull": 26,
				"edges": [ 22, 24, 48, 50, 36, 10, 44, 2, 40, 6, 32, 14, 28, 18, 44, 46, 46, 48, 2, 0, 0, 50, 46, 0, 40, 42, 42, 44, 2, 4, 4, 6, 42, 4, 36, 38, 38, 40, 6, 8, 8, 10, 38, 8, 32, 34, 34, 36, 10, 12, 12, 14, 34, 12, 28, 30, 30, 32, 14, 16, 16, 18, 30, 16, 24, 26, 26, 28, 18, 20, 20, 22, 26, 20 ],
				"width": 7,
				"height": 262
			}
		}
	}
},
"animations": {
	"idle": {
		"bones": {
			"bone28": {
				"rotate": [
					{ "time": 0, "angle": 0 }
				],
				"translate": [
					{ "time": 0, "x": 0, "y": 0 }
				],
				"scale": [
					{ "time": 0, "x": 1, "y": 1 }
				]
			},
			"bone19": {
				"rotate": [
					{ "time": 0, "angle": 0 }
				],
				"translate": [
					{ "time": 0, "x": 0, "y": 0 }
				],
				"scale": [
					{ "time": 0, "x": 1, "y": 1 }
				]
			},
			"bone20": {
				"rotate": [
					{ "time": 0, "angle": 0 }
				],
				"translate": [
					{ "time": 0, "x": 0, "y": 0 }
				],
				"scale": [
					{ "time": 0, "x": 1, "y": 1 }
				]
			},
			"bone21": {
				"rotate": [
					{ "time": 0, "angle": 0 }
				],
				"translate": [
					{ "time": 0, "x": 0, "y": 0 }
				],
				"scale": [
					{ "time": 0, "x": 1, "y": 1 }
				]
			},
			"bone": {
				"rotate": [
					{ "time": 0, "angle": 0, "curve": "stepped" },
					{ "time": 0.0667, "angle": 0, "curve": "stepped" },
					{ "time": 0.6, "angle": 0 }
				],
				"translate": [
					{ "time": 0, "x": 0, "y": 0, "curve": "stepped" },
					{ "time": 0.6, "x": 0, "y": 0 }
				],
				"scale": [
					{ "time": 0, "x": 1, "y": 1, "curve": "stepped" },
					{ "time": 0.6, "x": 1, "y": 1 }
				]
			},
			"bone2": {
				"rotate": [
					{ "time": 0, "angle": 0, "curve": "stepped" },
					{ "time": 0.0667, "angle": 0, "curve": "stepped" },
					{ "time": 0.6, "angle": 0 }
				],
				"translate": [
					{ "time": 0, "x": 0, "y": 0, "curve": "stepped" },
					{ "time": 0.6, "x": 0, "y": 0 }
				],
				"scale": [
					{ "time": 0, "x": 1, "y": 1, "curve": "stepped" },
					{ "time": 0.6, "x": 1, "y": 1 }
				]
			},
			"bone3": {
				"rotate": [
					{
						"time": 0,
						"angle": -1.61,
						"curve": [ 0.367, 0.63, 0.705, 1 ]
					},
					{ "time": 0.0667, "angle": 0 },
					{
						"time": 0.2,
						"angle": -20.81,
						"curve": [ 0.25, 0, 0.75, 1 ]
					},
					{ "time": 0.6, "angle": -1.61 }
				],
				"translate": [
					{ "time": 0, "x": 0, "y": 0, "curve": "stepped" },
					{ "time": 0.6, "x": 0, "y": 0 }
				],
				"scale": [
					{ "time": 0, "x": 1, "y": 1, "curve": "stepped" },
					{ "time": 0.6, "x": 1, "y": 1 }
				]
			},
			"bone4": {
				"rotate": [
					{ "time": 0, "angle": -3.83 },
					{ "time": 0.0667, "angle": 0 },
					{ "time": 0.1333, "angle": 25.72 },
					{ "time": 0.2667, "angle": 18.37 },
					{ "time": 0.4, "angle": -15.3 },
					{ "time": 0.6, "angle": -3.83 }
				],
				"translate": [
					{ "time": 0, "x": 0, "y": 0, "curve": "stepped" },
					{ "time": 0.6, "x": 0, "y": 0 }
				],
				"scale": [
					{ "time": 0, "x": 1, "y": 1, "curve": "stepped" },
					{ "time": 0.6, "x": 1, "y": 1 }
				]
			},
			"bone5": {
				"rotate": [
					{
						"time": 0,
						"angle": 1.86,
						"curve": [ 0.367, 0.63, 0.705, 1 ]
					},
					{ "time": 0.0667, "angle": 0 },
					{
						"time": 0.2,
						"angle": 24.12,
						"curve": [ 0.25, 0, 0.75, 1 ]
					},
					{ "time": 0.6, "angle": 1.86 }
				],
				"translate": [
					{ "time": 0, "x": 0, "y": 0, "curve": "stepped" },
					{ "time": 0.6, "x": 0, "y": 0 }
				],
				"scale": [
					{ "time": 0, "x": 1, "y": 1, "curve": "stepped" },
					{ "time": 0.6, "x": 1, "y": 1 }
				]
			},
			"bone6": {
				"rotate": [
					{ "time": 0, "angle": 4.07 },
					{ "time": 0.0667, "angle": 0 },
					{ "time": 0.1333, "angle": -13.04 },
					{ "time": 0.2, "angle": -8.54 },
					{ "time": 0.2667, "angle": 10.17 },
					{ "time": 0.4, "angle": 16.28 },
					{ "time": 0.6, "angle": 4.07 }
				],
				"translate": [
					{ "time": 0, "x": 0, "y": 0, "curve": "stepped" },
					{ "time": 0.6, "x": 0, "y": 0 }
				],
				"scale": [
					{ "time": 0, "x": 1, "y": 1, "curve": "stepped" },
					{ "time": 0.6, "x": 1, "y": 1 }
				]
			},
			"bone7": {
				"rotate": [
					{
						"time": 0,
						"angle": 1.86,
						"curve": [ 0.367, 0.63, 0.705, 1 ]
					},
					{ "time": 0.0667, "angle": 0 },
					{
						"time": 0.2,
						"angle": 24.12,
						"curve": [ 0.25, 0, 0.75, 1 ]
					},
					{ "time": 0.6, "angle": 1.86 }
				],
				"translate": [
					{ "time": 0, "x": 0, "y": 0, "curve": "stepped" },
					{ "time": 0.6, "x": 0, "y": 0 }
				],
				"scale": [
					{ "time": 0, "x": 1, "y": 1, "curve": "stepped" },
					{ "time": 0.6, "x": 1, "y": 1 }
				]
			},
			"bone8": {
				"rotate": [
					{ "time": 0, "angle": 4.07 },
					{ "time": 0.0667, "angle": 0 },
					{ "time": 0.1333, "angle": -13.04 },
					{ "time": 0.2, "angle": -8.54 },
					{ "time": 0.2667, "angle": 10.17 },
					{ "time": 0.4, "angle": 16.28 },
					{ "time": 0.6, "angle": 4.07 }
				],
				"translate": [
					{ "time": 0, "x": 0, "y": 0, "curve": "stepped" },
					{ "time": 0.6, "x": 0, "y": 0 }
				],
				"scale": [
					{ "time": 0, "x": 1, "y": 1, "curve": "stepped" },
					{ "time": 0.6, "x": 1, "y": 1 }
				]
			},
			"bone9": {
				"rotate": [
					{
						"time": 0,
						"angle": 1.39,
						"curve": [ 0.367, 0.63, 0.705, 1 ]
					},
					{ "time": 0.0667, "angle": 0 },
					{
						"time": 0.2,
						"angle": 17.95,
						"curve": [ 0.25, 0, 0.75, 1 ]
					},
					{ "time": 0.6, "angle": 1.39 }
				],
				"translate": [
					{ "time": 0, "x": 0, "y": 0, "curve": "stepped" },
					{ "time": 0.6, "x": 0, "y": 0 }
				],
				"scale": [
					{ "time": 0, "x": 1, "y": 1, "curve": "stepped" },
					{ "time": 0.6, "x": 1, "y": 1 }
				]
			},
			"bone10": {
				"rotate": [
					{ "time": 0, "angle": 4.37 },
					{ "time": 0.0667, "angle": 0 },
					{ "time": 0.1333, "angle": -29.49 },
					{ "time": 0.2667, "angle": -21.07 },
					{ "time": 0.4, "angle": 17.47 },
					{ "time": 0.6, "angle": 4.37 }
				],
				"translate": [
					{ "time": 0, "x": 0, "y": 0, "curve": "stepped" },
					{ "time": 0.6, "x": 0, "y": 0 }
				],
				"scale": [
					{ "time": 0, "x": 1, "y": 1, "curve": "stepped" },
					{ "time": 0.6, "x": 1, "y": 1 }
				]
			},
			"bone11": {
				"rotate": [
					{
						"time": 0,
						"angle": 4.66,
						"curve": [ 0.382, 0.57, 0.735, 1 ]
					},
					{ "time": 0.0667, "angle": 0 },
					{
						"time": 0.2,
						"angle": -13.85,
						"curve": [ 0.25, 0, 0.75, 1 ]
					},
					{
						"time": 0.4667,
						"angle": -343.56,
						"curve": [ 0.25, 0, 0.75, 1 ]
					},
					{ "time": 0.6, "angle": 4.66 }
				],
				"translate": [
					{ "time": 0, "x": 0, "y": 0, "curve": "stepped" },
					{ "time": 0.6, "x": 0, "y": 0 }
				],
				"scale": [
					{ "time": 0, "x": 1, "y": 1, "curve": "stepped" },
					{ "time": 0.6, "x": 1, "y": 1 }
				]
			},
			"bone12": {
				"rotate": [
					{
						"time": 0,
						"angle": -6.45,
						"curve": [ 0.345, 0.38, 0.679, 0.72 ]
					},
					{ "time": 0.0667, "angle": 0 },
					{ "time": 0.1333, "angle": 4.01 },
					{
						"time": 0.2,
						"angle": 2.06,
						"curve": [ 0.276, 0, 0.621, 0.4 ]
					},
					{
						"time": 0.2667,
						"angle": -10.11,
						"curve": [ 0.314, 0.27, 0.657, 0.64 ]
					},
					{
						"time": 0.4,
						"angle": -30.85,
						"curve": [ 0.351, 0.39, 0.701, 0.78 ]
					},
					{ "time": 0.6, "angle": -6.45 }
				],
				"translate": [
					{ "time": 0, "x": 0, "y": 0, "curve": "stepped" },
					{ "time": 0.6, "x": 0, "y": 0 }
				],
				"scale": [
					{ "time": 0, "x": 1, "y": 1, "curve": "stepped" },
					{ "time": 0.6, "x": 1, "y": 1 }
				]
			},
			"bone13": {
				"rotate": [
					{
						"time": 0,
						"angle": 4.66,
						"curve": [ 0.382, 0.57, 0.735, 1 ]
					},
					{ "time": 0.0667, "angle": 0 },
					{
						"time": 0.2,
						"angle": -13.85,
						"curve": [ 0.25, 0, 0.75, 1 ]
					},
					{
						"time": 0.4667,
						"angle": 16.44,
						"curve": [ 0.25, 0, 0.75, 1 ]
					},
					{ "time": 0.6, "angle": 4.66 }
				],
				"translate": [
					{ "time": 0, "x": 0, "y": 0, "curve": "stepped" },
					{ "time": 0.6, "x": 0, "y": 0 }
				],
				"scale": [
					{ "time": 0, "x": 1, "y": 1, "curve": "stepped" },
					{ "time": 0.6, "x": 1, "y": 1 }
				]
			},
			"bone14": {
				"rotate": [
					{
						"time": 0,
						"angle": -6.45,
						"curve": [ 0.345, 0.38, 0.679, 0.72 ]
					},
					{ "time": 0.0667, "angle": 0 },
					{ "time": 0.1333, "angle": 4.01 },
					{
						"time": 0.2,
						"angle": 2.06,
						"curve": [ 0.276, 0, 0.621, 0.4 ]
					},
					{
						"time": 0.2667,
						"angle": -10.11,
						"curve": [ 0.314, 0.27, 0.657, 0.64 ]
					},
					{
						"time": 0.4,
						"angle": -30.85,
						"curve": [ 0.351, 0.39, 0.701, 0.78 ]
					},
					{ "time": 0.6, "angle": -6.45 }
				],
				"translate": [
					{ "time": 0, "x": 0, "y": 0, "curve": "stepped" },
					{ "time": 0.6, "x": 0, "y": 0 }
				],
				"scale": [
					{ "time": 0, "x": 1, "y": 1, "curve": "stepped" },
					{ "time": 0.6, "x": 1, "y": 1 }
				]
			},
			"bone15": {
				"rotate": [
					{
						"time": 0,
						"angle": 1.35,
						"curve": [ 0.367, 0.63, 0.705, 1 ]
					},
					{ "time": 0.0667, "angle": 0 },
					{
						"time": 0.2,
						"angle": 17.54,
						"curve": [ 0.25, 0, 0.75, 1 ]
					},
					{ "time": 0.6, "angle": 1.35 }
				],
				"translate": [
					{ "time": 0, "x": 0, "y": 0, "curve": "stepped" },
					{ "time": 0.6, "x": 0, "y": 0 }
				],
				"scale": [
					{ "time": 0, "x": 1, "y": 1, "curve": "stepped" },
					{ "time": 0.6, "x": 1, "y": 1 }
				]
			},
			"bone16": {
				"rotate": [
					{ "time": 0, "angle": 0.69 },
					{ "time": 0.0667, "angle": 0 },
					{ "time": 0.1333, "angle": -46.27 },
					{ "time": 0.4, "angle": 2.76 },
					{ "time": 0.6, "angle": 0.69 }
				],
				"translate": [
					{ "time": 0, "x": 0, "y": 0, "curve": "stepped" },
					{ "time": 0.6, "x": 0, "y": 0 }
				],
				"scale": [
					{ "time": 0, "x": 1, "y": 1, "curve": "stepped" },
					{ "time": 0.6, "x": 1, "y": 1 }
				]
			},
			"bone17": {
				"rotate": [
					{
						"time": 0,
						"angle": -1.26,
						"curve": [ 0.367, 0.63, 0.705, 1 ]
					},
					{ "time": 0.0667, "angle": 0 },
					{
						"time": 0.2,
						"angle": -16.31,
						"curve": [ 0.25, 0, 0.75, 1 ]
					},
					{ "time": 0.6, "angle": -1.26 }
				],
				"translate": [
					{ "time": 0, "x": 0, "y": 0, "curve": "stepped" },
					{ "time": 0.6, "x": 0, "y": 0 }
				],
				"scale": [
					{ "time": 0, "x": 1, "y": 1, "curve": "stepped" },
					{ "time": 0.6, "x": 1, "y": 1 }
				]
			},
			"bone18": {
				"rotate": [
					{ "time": 0, "angle": -2.96 },
					{ "time": 0.0667, "angle": 0 },
					{ "time": 0.1333, "angle": 52.89 },
					{ "time": 0.4, "angle": -11.82 },
					{ "time": 0.6, "angle": -2.96 }
				],
				"translate": [
					{ "time": 0, "x": 0, "y": 0, "curve": "stepped" },
					{ "time": 0.6, "x": 0, "y": 0 }
				],
				"scale": [
					{ "time": 0, "x": 1, "y": 1, "curve": "stepped" },
					{ "time": 0.6, "x": 1, "y": 1 }
				]
			},
			"bone22": {
				"rotate": [
					{ "time": 0, "angle": 0 }
				],
				"translate": [
					{ "time": 0, "x": 0, "y": 0 }
				],
				"scale": [
					{ "time": 0, "x": 1, "y": 1 }
				]
			},
			"bone23": {
				"rotate": [
					{ "time": 0, "angle": 0 }
				],
				"translate": [
					{ "time": 0, "x": 0, "y": 0 }
				],
				"scale": [
					{ "time": 0, "x": 1, "y": 1 }
				]
			},
			"bone24": {
				"rotate": [
					{ "time": 0, "angle": 0 }
				],
				"translate": [
					{ "time": 0, "x": 0, "y": 0 }
				],
				"scale": [
					{ "time": 0, "x": 1, "y": 1 }
				]
			},
			"bone25": {
				"rotate": [
					{ "time": 0, "angle": 0 }
				],
				"translate": [
					{ "time": 0, "x": 0, "y": 0 }
				],
				"scale": [
					{ "time": 0, "x": 1, "y": 1 }
				]
			},
			"bone26": {
				"rotate": [
					{ "time": 0, "angle": 0 }
				],
				"translate": [
					{ "time": 0, "x": 0, "y": 0 }
				],
				"scale": [
					{ "time": 0, "x": 1, "y": 1 }
				]
			},
			"bone27": {
				"rotate": [
					{ "time": 0, "angle": 0 }
				],
				"translate": [
					{ "time": 0, "x": 0, "y": 0 }
				],
				"scale": [
					{ "time": 0, "x": 1, "y": 1 }
				]
			}
		}
	},
	"move_in": {
		"bones": {
			"bone28": {
				"rotate": [
					{ "time": 0, "angle": 0, "curve": "stepped" },
					{ "time": 1.6, "angle": 0 }
				],
				"translate": [
					{ "time": 0, "x": 0, "y": 885.1 },
					{ "time": 0.3333, "x": 0, "y": 0 }
				],
				"scale": [
					{ "time": 0, "x": 1, "y": 1 }
				]
			},
			"bone19": {
				"rotate": [
					{ "time": 0, "angle": -16.36 },
					{ "time": 0.1333, "angle": -0.1 },
					{
						"time": 0.2667,
						"angle": -1.61,
						"curve": [ 0.205, 0.27, 0.529, 0.67 ]
					},
					{
						"time": 0.4,
						"angle": -2.04,
						"curve": [ 0.299, 0.43, 0.682, 0.88 ]
					},
					{
						"time": 0.5333,
						"angle": -19.23,
						"curve": [ 0.3, 0, 0.645, 1 ]
					},
					{
						"time": 0.9333,
						"angle": -0.94,
						"curve": [ 0.408, 0.01, 0.504, 1 ]
					},
					{ "time": 1.3667, "angle": 7.18 },
					{ "time": 1.6, "angle": 0 }
				],
				"translate": [
					{ "time": 0, "x": 0, "y": 0 }
				],
				"scale": [
					{ "time": 0, "x": 1, "y": 1 }
				]
			},
			"bone20": {
				"rotate": [
					{ "time": 0, "angle": 44.51 },
					{ "time": 0.1333, "angle": 1.89 },
					{
						"time": 0.2667,
						"angle": -1.49,
						"curve": [ 0.205, 0.27, 0.529, 0.67 ]
					},
					{
						"time": 0.4,
						"angle": 21.97,
						"curve": [ 0.299, 0.43, 0.682, 0.88 ]
					},
					{
						"time": 0.5333,
						"angle": 55.66,
						"curve": [ 0.3, 0, 0.645, 1 ]
					},
					{
						"time": 0.9333,
						"angle": -33.64,
						"curve": [ 0.408, 0.01, 0.504, 1 ]
					},
					{ "time": 1.3667, "angle": 7.25 },
					{ "time": 1.6, "angle": 0 }
				],
				"translate": [
					{ "time": 0, "x": 0, "y": 0 }
				],
				"scale": [
					{ "time": 0, "x": 1, "y": 1 }
				]
			},
			"bone21": {
				"rotate": [
					{ "time": 0, "angle": -23.63 },
					{ "time": 0.1333, "angle": -2.61 },
					{
						"time": 0.2667,
						"angle": 3.07,
						"curve": [ 0.205, 0.27, 0.529, 0.67 ]
					},
					{
						"time": 0.4,
						"angle": -57.43,
						"curve": [ 0.299, 0.43, 0.682, 0.88 ]
					},
					{
						"time": 0.5333,
						"angle": -82.8,
						"curve": [ 0.3, 0, 0.645, 1 ]
					},
					{
						"time": 0.9333,
						"angle": 60.18,
						"curve": [ 0.408, 0.01, 0.504, 1 ]
					},
					{ "time": 1.3667, "angle": -31.28 },
					{ "time": 1.6, "angle": 0 }
				],
				"translate": [
					{ "time": 0, "x": 0, "y": 0 }
				],
				"scale": [
					{ "time": 0, "x": 1, "y": 1 }
				]
			},
			"bone": {
				"rotate": [
					{ "time": 0, "angle": 0, "curve": "stepped" },
					{ "time": 0.5333, "angle": 0, "curve": "stepped" },
					{ "time": 1.0667, "angle": 0, "curve": "stepped" },
					{ "time": 1.6, "angle": 0 }
				],
				"translate": [
					{ "time": 0, "x": 0, "y": 0 }
				],
				"scale": [
					{ "time": 0, "x": 1, "y": 1 }
				]
			},
			"bone2": {
				"rotate": [
					{ "time": 0, "angle": 0, "curve": "stepped" },
					{ "time": 0.5333, "angle": 0, "curve": "stepped" },
					{ "time": 1.0667, "angle": 0, "curve": "stepped" },
					{ "time": 1.6, "angle": 0 }
				],
				"translate": [
					{ "time": 0, "x": 0, "y": 0 }
				],
				"scale": [
					{ "time": 0, "x": 1, "y": 1 }
				]
			},
			"bone3": {
				"rotate": [
					{ "time": 0, "angle": 0 },
					{
						"time": 0.1333,
						"angle": -20.81,
						"curve": [ 0.25, 0, 0.75, 1 ]
					},
					{ "time": 0.5333, "angle": 0 },
					{
						"time": 0.6667,
						"angle": -20.81,
						"curve": [ 0.25, 0, 0.75, 1 ]
					},
					{ "time": 1.0667, "angle": 0 },
					{
						"time": 1.2,
						"angle": -20.81,
						"curve": [ 0.244, 0, 0.697, 0.78 ]
					},
					{ "time": 1.6, "angle": -1.61 }
				],
				"translate": [
					{ "time": 0, "x": 0, "y": 0 }
				],
				"scale": [
					{ "time": 0, "x": 1, "y": 1 }
				]
			},
			"bone4": {
				"rotate": [
					{ "time": 0, "angle": 0 },
					{ "time": 0.0667, "angle": 25.72 },
					{ "time": 0.2, "angle": 18.37 },
					{ "time": 0.3333, "angle": -15.3 },
					{ "time": 0.5333, "angle": 0 },
					{ "time": 0.6, "angle": 25.72 },
					{ "time": 0.7333, "angle": 18.37 },
					{ "time": 0.8667, "angle": -15.3 },
					{ "time": 1.0667, "angle": 0 },
					{ "time": 1.1333, "angle": 25.72 },
					{ "time": 1.2667, "angle": 18.37 },
					{ "time": 1.4, "angle": -15.3 },
					{ "time": 1.6, "angle": -3.83 }
				],
				"translate": [
					{ "time": 0, "x": 0, "y": 0 }
				],
				"scale": [
					{ "time": 0, "x": 1, "y": 1 }
				]
			},
			"bone5": {
				"rotate": [
					{ "time": 0, "angle": 0 },
					{
						"time": 0.1333,
						"angle": 24.12,
						"curve": [ 0.25, 0, 0.75, 1 ]
					},
					{ "time": 0.5333, "angle": 0 },
					{
						"time": 0.6667,
						"angle": 24.12,
						"curve": [ 0.25, 0, 0.75, 1 ]
					},
					{ "time": 1.0667, "angle": 0 },
					{
						"time": 1.2,
						"angle": 24.12,
						"curve": [ 0.244, 0, 0.697, 0.78 ]
					},
					{ "time": 1.6, "angle": 1.86 }
				],
				"translate": [
					{ "time": 0, "x": 0, "y": 0 }
				],
				"scale": [
					{ "time": 0, "x": 1, "y": 1 }
				]
			},
			"bone6": {
				"rotate": [
					{ "time": 0, "angle": 0 },
					{ "time": 0.0667, "angle": -13.04 },
					{ "time": 0.1333, "angle": -8.54 },
					{ "time": 0.2, "angle": 10.17 },
					{ "time": 0.3333, "angle": 16.28 },
					{ "time": 0.5333, "angle": 0 },
					{ "time": 0.6, "angle": -13.04 },
					{ "time": 0.6667, "angle": -8.54 },
					{ "time": 0.7333, "angle": 10.17 },
					{ "time": 0.8667, "angle": 16.28 },
					{ "time": 1.0667, "angle": 0 },
					{ "time": 1.1333, "angle": -13.04 },
					{ "time": 1.2, "angle": -8.54 },
					{ "time": 1.2667, "angle": 10.17 },
					{ "time": 1.4, "angle": 16.28 },
					{ "time": 1.6, "angle": 4.07 }
				],
				"translate": [
					{ "time": 0, "x": 0, "y": 0 }
				],
				"scale": [
					{ "time": 0, "x": 1, "y": 1 }
				]
			},
			"bone7": {
				"rotate": [
					{ "time": 0, "angle": 0 },
					{
						"time": 0.1333,
						"angle": 24.12,
						"curve": [ 0.25, 0, 0.75, 1 ]
					},
					{ "time": 0.5333, "angle": 0 },
					{
						"time": 0.6667,
						"angle": 24.12,
						"curve": [ 0.25, 0, 0.75, 1 ]
					},
					{ "time": 1.0667, "angle": 0 },
					{
						"time": 1.2,
						"angle": 24.12,
						"curve": [ 0.244, 0, 0.697, 0.78 ]
					},
					{ "time": 1.6, "angle": 1.86 }
				],
				"translate": [
					{ "time": 0, "x": 0, "y": 0 }
				],
				"scale": [
					{ "time": 0, "x": 1, "y": 1 }
				]
			},
			"bone8": {
				"rotate": [
					{ "time": 0, "angle": 0 },
					{ "time": 0.0667, "angle": -13.04 },
					{ "time": 0.1333, "angle": -8.54 },
					{ "time": 0.2, "angle": 10.17 },
					{ "time": 0.3333, "angle": 16.28 },
					{ "time": 0.5333, "angle": 0 },
					{ "time": 0.6, "angle": -13.04 },
					{ "time": 0.6667, "angle": -8.54 },
					{ "time": 0.7333, "angle": 10.17 },
					{ "time": 0.8667, "angle": 16.28 },
					{ "time": 1.0667, "angle": 0 },
					{ "time": 1.1333, "angle": -13.04 },
					{ "time": 1.2, "angle": -8.54 },
					{ "time": 1.2667, "angle": 10.17 },
					{ "time": 1.4, "angle": 16.28 },
					{ "time": 1.6, "angle": 4.07 }
				],
				"translate": [
					{ "time": 0, "x": 0, "y": 0 }
				],
				"scale": [
					{ "time": 0, "x": 1, "y": 1 }
				]
			},
			"bone9": {
				"rotate": [
					{ "time": 0, "angle": 0 },
					{
						"time": 0.1333,
						"angle": 17.95,
						"curve": [ 0.25, 0, 0.75, 1 ]
					},
					{ "time": 0.5333, "angle": 0 },
					{
						"time": 0.6667,
						"angle": 17.95,
						"curve": [ 0.25, 0, 0.75, 1 ]
					},
					{ "time": 1.0667, "angle": 0 },
					{
						"time": 1.2,
						"angle": 17.95,
						"curve": [ 0.244, 0, 0.697, 0.78 ]
					},
					{ "time": 1.6, "angle": 1.39 }
				],
				"translate": [
					{ "time": 0, "x": 0, "y": 0 }
				],
				"scale": [
					{ "time": 0, "x": 1, "y": 1 }
				]
			},
			"bone10": {
				"rotate": [
					{ "time": 0, "angle": 0 },
					{ "time": 0.0667, "angle": -29.49 },
					{ "time": 0.2, "angle": -21.07 },
					{ "time": 0.3333, "angle": 17.47 },
					{ "time": 0.5333, "angle": 0 },
					{ "time": 0.6, "angle": -29.49 },
					{ "time": 0.7333, "angle": -21.07 },
					{ "time": 0.8667, "angle": 17.47 },
					{ "time": 1.0667, "angle": 0 },
					{ "time": 1.1333, "angle": -29.49 },
					{ "time": 1.2667, "angle": -21.07 },
					{ "time": 1.4, "angle": 17.47 },
					{ "time": 1.6, "angle": 4.37 }
				],
				"translate": [
					{ "time": 0, "x": 0, "y": 0 }
				],
				"scale": [
					{ "time": 0, "x": 1, "y": 1 }
				]
			},
			"bone11": {
				"rotate": [
					{ "time": 0, "angle": 0 },
					{
						"time": 0.1333,
						"angle": -13.85,
						"curve": [ 0.25, 0, 0.75, 1 ]
					},
					{
						"time": 0.4,
						"angle": -343.56,
						"curve": [ 0.25, 0, 0.75, 1 ]
					},
					{ "time": 0.5333, "angle": 0 },
					{
						"time": 0.6667,
						"angle": -13.85,
						"curve": [ 0.25, 0, 0.75, 1 ]
					},
					{
						"time": 0.9333,
						"angle": -343.56,
						"curve": [ 0.25, 0, 0.75, 1 ]
					},
					{ "time": 1.0667, "angle": 0 },
					{
						"time": 1.2,
						"angle": -13.85,
						"curve": [ 0.25, 0, 0.75, 1 ]
					},
					{
						"time": 1.4667,
						"angle": -343.56,
						"curve": [ 0.243, 0, 0.649, 0.6 ]
					},
					{ "time": 1.6, "angle": 4.66 }
				],
				"translate": [
					{ "time": 0, "x": 0, "y": 0 }
				],
				"scale": [
					{ "time": 0, "x": 1, "y": 1 }
				]
			},
			"bone12": {
				"rotate": [
					{ "time": 0, "angle": 0 },
					{ "time": 0.0667, "angle": 4.01 },
					{
						"time": 0.1333,
						"angle": 2.06,
						"curve": [ 0.276, 0, 0.621, 0.4 ]
					},
					{
						"time": 0.2,
						"angle": -10.11,
						"curve": [ 0.314, 0.27, 0.657, 0.64 ]
					},
					{
						"time": 0.3333,
						"angle": -30.85,
						"curve": [ 0.351, 0.39, 0.701, 0.78 ]
					},
					{ "time": 0.5333, "angle": 0 },
					{ "time": 0.6, "angle": 4.01 },
					{
						"time": 0.6667,
						"angle": 2.06,
						"curve": [ 0.276, 0, 0.621, 0.4 ]
					},
					{
						"time": 0.7333,
						"angle": -10.11,
						"curve": [ 0.314, 0.27, 0.657, 0.64 ]
					},
					{
						"time": 0.8667,
						"angle": -30.85,
						"curve": [ 0.351, 0.39, 0.701, 0.78 ]
					},
					{ "time": 1.0667, "angle": 0 },
					{ "time": 1.1333, "angle": 4.01 },
					{
						"time": 1.2,
						"angle": 2.06,
						"curve": [ 0.276, 0, 0.621, 0.4 ]
					},
					{
						"time": 1.2667,
						"angle": -10.11,
						"curve": [ 0.314, 0.27, 0.657, 0.64 ]
					},
					{
						"time": 1.4,
						"angle": -30.85,
						"curve": [ 0.343, 0.36, 0.686, 0.73 ]
					},
					{ "time": 1.6, "angle": -6.45 }
				],
				"translate": [
					{ "time": 0, "x": 0, "y": 0 }
				],
				"scale": [
					{ "time": 0, "x": 1, "y": 1 }
				]
			},
			"bone13": {
				"rotate": [
					{ "time": 0, "angle": 0 },
					{
						"time": 0.1333,
						"angle": -13.85,
						"curve": [ 0.25, 0, 0.75, 1 ]
					},
					{
						"time": 0.4,
						"angle": 16.44,
						"curve": [ 0.25, 0, 0.75, 1 ]
					},
					{ "time": 0.5333, "angle": 0 },
					{
						"time": 0.6667,
						"angle": -13.85,
						"curve": [ 0.25, 0, 0.75, 1 ]
					},
					{
						"time": 0.9333,
						"angle": 16.44,
						"curve": [ 0.25, 0, 0.75, 1 ]
					},
					{ "time": 1.0667, "angle": 0 },
					{
						"time": 1.2,
						"angle": -13.85,
						"curve": [ 0.25, 0, 0.75, 1 ]
					},
					{
						"time": 1.4667,
						"angle": 16.44,
						"curve": [ 0.243, 0, 0.649, 0.6 ]
					},
					{ "time": 1.6, "angle": 4.66 }
				],
				"translate": [
					{ "time": 0, "x": 0, "y": 0 }
				],
				"scale": [
					{ "time": 0, "x": 1, "y": 1 }
				]
			},
			"bone14": {
				"rotate": [
					{ "time": 0, "angle": 0 },
					{ "time": 0.0667, "angle": 4.01 },
					{
						"time": 0.1333,
						"angle": 2.06,
						"curve": [ 0.276, 0, 0.621, 0.4 ]
					},
					{
						"time": 0.2,
						"angle": -10.11,
						"curve": [ 0.314, 0.27, 0.657, 0.64 ]
					},
					{
						"time": 0.3333,
						"angle": -30.85,
						"curve": [ 0.351, 0.39, 0.701, 0.78 ]
					},
					{ "time": 0.5333, "angle": 0 },
					{ "time": 0.6, "angle": 4.01 },
					{
						"time": 0.6667,
						"angle": 2.06,
						"curve": [ 0.276, 0, 0.621, 0.4 ]
					},
					{
						"time": 0.7333,
						"angle": -10.11,
						"curve": [ 0.314, 0.27, 0.657, 0.64 ]
					},
					{
						"time": 0.8667,
						"angle": -30.85,
						"curve": [ 0.351, 0.39, 0.701, 0.78 ]
					},
					{ "time": 1.0667, "angle": 0 },
					{ "time": 1.1333, "angle": 4.01 },
					{
						"time": 1.2,
						"angle": 2.06,
						"curve": [ 0.276, 0, 0.621, 0.4 ]
					},
					{
						"time": 1.2667,
						"angle": -10.11,
						"curve": [ 0.314, 0.27, 0.657, 0.64 ]
					},
					{
						"time": 1.4,
						"angle": -30.85,
						"curve": [ 0.343, 0.36, 0.686, 0.73 ]
					},
					{ "time": 1.6, "angle": -6.45 }
				],
				"translate": [
					{ "time": 0, "x": 0, "y": 0 }
				],
				"scale": [
					{ "time": 0, "x": 1, "y": 1 }
				]
			},
			"bone15": {
				"rotate": [
					{ "time": 0, "angle": 0 },
					{
						"time": 0.1333,
						"angle": 17.54,
						"curve": [ 0.25, 0, 0.75, 1 ]
					},
					{ "time": 0.5333, "angle": 0 },
					{
						"time": 0.6667,
						"angle": 17.54,
						"curve": [ 0.25, 0, 0.75, 1 ]
					},
					{ "time": 1.0667, "angle": 0 },
					{
						"time": 1.2,
						"angle": 17.54,
						"curve": [ 0.244, 0, 0.697, 0.78 ]
					},
					{ "time": 1.6, "angle": 1.35 }
				],
				"translate": [
					{ "time": 0, "x": 0, "y": 0 }
				],
				"scale": [
					{ "time": 0, "x": 1, "y": 1 }
				]
			},
			"bone16": {
				"rotate": [
					{ "time": 0, "angle": 0 },
					{ "time": 0.0667, "angle": -46.27 },
					{ "time": 0.3333, "angle": 2.76 },
					{ "time": 0.5333, "angle": 0 },
					{ "time": 0.6, "angle": -46.27 },
					{ "time": 0.8667, "angle": 2.76 },
					{ "time": 1.0667, "angle": 0 },
					{ "time": 1.1333, "angle": -46.27 },
					{ "time": 1.4, "angle": 2.76 },
					{ "time": 1.6, "angle": 0.69 }
				],
				"translate": [
					{ "time": 0, "x": 0, "y": 0 }
				],
				"scale": [
					{ "time": 0, "x": 1, "y": 1 }
				]
			},
			"bone17": {
				"rotate": [
					{ "time": 0, "angle": 0 },
					{
						"time": 0.1333,
						"angle": -16.31,
						"curve": [ 0.25, 0, 0.75, 1 ]
					},
					{ "time": 0.5333, "angle": 0 },
					{
						"time": 0.6667,
						"angle": -16.31,
						"curve": [ 0.25, 0, 0.75, 1 ]
					},
					{ "time": 1.0667, "angle": 0 },
					{
						"time": 1.2,
						"angle": -16.31,
						"curve": [ 0.244, 0, 0.697, 0.78 ]
					},
					{ "time": 1.6, "angle": -1.26 }
				],
				"translate": [
					{ "time": 0, "x": 0, "y": 0 }
				],
				"scale": [
					{ "time": 0, "x": 1, "y": 1 }
				]
			},
			"bone18": {
				"rotate": [
					{ "time": 0, "angle": 0 },
					{ "time": 0.0667, "angle": 52.89 },
					{ "time": 0.3333, "angle": -11.82 },
					{ "time": 0.5333, "angle": 0 },
					{ "time": 0.6, "angle": 52.89 },
					{ "time": 0.8667, "angle": -11.82 },
					{ "time": 1.0667, "angle": 0 },
					{ "time": 1.1333, "angle": 52.89 },
					{ "time": 1.4, "angle": -11.82 },
					{ "time": 1.6, "angle": -2.96 }
				],
				"translate": [
					{ "time": 0, "x": 0, "y": 0 }
				],
				"scale": [
					{ "time": 0, "x": 1, "y": 1 }
				]
			},
			"bone22": {
				"rotate": [
					{ "time": 0, "angle": 0, "curve": "stepped" },
					{ "time": 1.6, "angle": 0 }
				],
				"translate": [
					{ "time": 0, "x": 0, "y": 0 }
				],
				"scale": [
					{ "time": 0, "x": 1, "y": 1 }
				]
			},
			"bone23": {
				"rotate": [
					{ "time": 0, "angle": 0, "curve": "stepped" },
					{ "time": 1.6, "angle": 0 }
				],
				"translate": [
					{ "time": 0, "x": 0, "y": 0 }
				],
				"scale": [
					{ "time": 0, "x": 1, "y": 1 }
				]
			},
			"bone24": {
				"rotate": [
					{ "time": 0, "angle": 0, "curve": "stepped" },
					{ "time": 1.6, "angle": 0 }
				],
				"translate": [
					{ "time": 0, "x": 0, "y": 0 }
				],
				"scale": [
					{ "time": 0, "x": 1, "y": 1 }
				]
			},
			"bone25": {
				"rotate": [
					{ "time": 0, "angle": 0, "curve": "stepped" },
					{ "time": 1.6, "angle": 0 }
				],
				"translate": [
					{ "time": 0, "x": 0, "y": 0 }
				],
				"scale": [
					{ "time": 0, "x": 1, "y": 1 }
				]
			},
			"bone26": {
				"rotate": [
					{ "time": 0, "angle": 0, "curve": "stepped" },
					{ "time": 1.6, "angle": 0 }
				],
				"translate": [
					{ "time": 0, "x": 0, "y": 0 }
				],
				"scale": [
					{ "time": 0, "x": 1, "y": 1 }
				]
			},
			"bone27": {
				"rotate": [
					{ "time": 0, "angle": 0, "curve": "stepped" },
					{ "time": 1.6, "angle": 0 }
				],
				"translate": [
					{ "time": 0, "x": 0, "y": 0 }
				],
				"scale": [
					{ "time": 0, "x": 1, "y": 1 }
				]
			}
		}
	},
	"move_out": {
		"slots": {
			"images/Layer_16": {
				"attachment": [
					{ "time": 0, "name": "images/Layer_19" },
					{ "time": 0.4, "name": "images/Layer_15" }
				]
			}
		},
		"bones": {
			"bone28": {
				"rotate": [
					{ "time": 0, "angle": 0, "curve": "stepped" },
					{ "time": 1.3333, "angle": 0 }
				],
				"translate": [
					{ "time": 1, "x": 0, "y": 0 },
					{ "time": 1.3333, "x": 0, "y": 885.1 }
				],
				"scale": [
					{ "time": 1.3333, "x": 1, "y": 1 }
				]
			},
			"bone19": {
				"rotate": [
					{ "time": 0, "angle": 0 },
					{ "time": 0.1667, "angle": 7.18 },
					{
						"time": 0.4333,
						"angle": -0.94,
						"curve": [ 0.408, 0.01, 0.504, 1 ]
					},
					{
						"time": 0.8333,
						"angle": -19.23,
						"curve": [ 0.3, 0, 0.645, 1 ]
					},
					{
						"time": 0.9333,
						"angle": -2.04,
						"curve": [ 0.299, 0.43, 0.682, 0.88 ]
					},
					{
						"time": 1.0667,
						"angle": -1.61,
						"curve": [ 0.205, 0.27, 0.529, 0.67 ]
					},
					{ "time": 1.2, "angle": -0.1 },
					{ "time": 1.3333, "angle": -16.36 }
				],
				"translate": [
					{ "time": 1.3333, "x": 0, "y": 0 }
				],
				"scale": [
					{ "time": 1.3333, "x": 1, "y": 1 }
				]
			},
			"bone20": {
				"rotate": [
					{ "time": 0, "angle": 0 },
					{ "time": 0.1667, "angle": 7.25 },
					{
						"time": 0.4333,
						"angle": -33.64,
						"curve": [ 0.408, 0.01, 0.504, 1 ]
					},
					{
						"time": 0.8333,
						"angle": 55.66,
						"curve": [ 0.3, 0, 0.645, 1 ]
					},
					{
						"time": 0.9333,
						"angle": 21.97,
						"curve": [ 0.299, 0.43, 0.682, 0.88 ]
					},
					{
						"time": 1.0667,
						"angle": -1.49,
						"curve": [ 0.205, 0.27, 0.529, 0.67 ]
					},
					{ "time": 1.2, "angle": 1.89 },
					{ "time": 1.3333, "angle": 44.51 }
				],
				"translate": [
					{ "time": 1.3333, "x": 0, "y": 0 }
				],
				"scale": [
					{ "time": 1.3333, "x": 1, "y": 1 }
				]
			},
			"bone21": {
				"rotate": [
					{ "time": 0, "angle": 0 },
					{ "time": 0.1667, "angle": -31.28 },
					{
						"time": 0.4333,
						"angle": 60.18,
						"curve": [ 0.408, 0.01, 0.504, 1 ]
					},
					{
						"time": 0.8333,
						"angle": -82.8,
						"curve": [ 0.3, 0, 0.645, 1 ]
					},
					{
						"time": 0.9333,
						"angle": -57.43,
						"curve": [ 0.299, 0.43, 0.682, 0.88 ]
					},
					{
						"time": 1.0667,
						"angle": 3.07,
						"curve": [ 0.205, 0.27, 0.529, 0.67 ]
					},
					{ "time": 1.2, "angle": -2.61 },
					{ "time": 1.3333, "angle": -23.63 }
				],
				"translate": [
					{ "time": 1.3333, "x": 0, "y": 0 }
				],
				"scale": [
					{ "time": 1.3333, "x": 1, "y": 1 }
				]
			},
			"bone": {
				"rotate": [
					{ "time": 0, "angle": 0, "curve": "stepped" },
					{ "time": 0.3667, "angle": 0, "curve": "stepped" },
					{ "time": 0.8333, "angle": 0, "curve": "stepped" },
					{ "time": 1.3333, "angle": 0 }
				],
				"translate": [
					{ "time": 1.3333, "x": 0, "y": 0 }
				],
				"scale": [
					{ "time": 1.3333, "x": 1, "y": 1 }
				]
			},
			"bone2": {
				"rotate": [
					{ "time": 0, "angle": 0, "curve": "stepped" },
					{ "time": 0.4, "angle": 0 },
					{ "time": 0.5333, "angle": 126.2 },
					{ "time": 0.6667, "angle": -136.41 },
					{ "time": 0.8, "angle": 0 },
					{ "time": 0.9333, "angle": 126.2 },
					{ "time": 1.0667, "angle": -136.41 },
					{ "time": 1.2, "angle": 0, "curve": "stepped" },
					{ "time": 1.3333, "angle": 0 }
				],
				"translate": [
					{ "time": 1.3333, "x": 0, "y": 0 }
				],
				"scale": [
					{ "time": 1.3333, "x": 1, "y": 1 }
				]
			},
			"bone3": {
				"rotate": [
					{
						"time": 0,
						"angle": -1.61,
						"curve": [ 0.367, 0.63, 0.705, 1 ]
					},
					{
						"time": 0.2667,
						"angle": -20.81,
						"curve": [ 0.244, 0, 0.697, 0.78 ]
					},
					{ "time": 0.3667, "angle": 0 },
					{
						"time": 0.7,
						"angle": -20.81,
						"curve": [ 0.25, 0, 0.75, 1 ]
					},
					{ "time": 0.8333, "angle": 0 },
					{
						"time": 1.2,
						"angle": -20.81,
						"curve": [ 0.25, 0, 0.75, 1 ]
					},
					{ "time": 1.3333, "angle": 0 }
				],
				"translate": [
					{ "time": 1.3333, "x": 0, "y": 0 }
				],
				"scale": [
					{ "time": 1.3333, "x": 1, "y": 1 }
				]
			},
			"bone4": {
				"rotate": [
					{ "time": 0, "angle": -3.83 },
					{ "time": 0.1333, "angle": -15.3 },
					{ "time": 0.2333, "angle": 18.37 },
					{ "time": 0.3333, "angle": 25.72 },
					{ "time": 0.3667, "angle": 0 },
					{ "time": 0.5, "angle": -15.3 },
					{ "time": 0.6333, "angle": 18.37 },
					{ "time": 0.7667, "angle": 25.72 },
					{ "time": 0.8333, "angle": 0 },
					{ "time": 1, "angle": -15.3 },
					{ "time": 1.1333, "angle": 18.37 },
					{ "time": 1.2667, "angle": 25.72 },
					{ "time": 1.3333, "angle": 0 }
				],
				"translate": [
					{ "time": 1.3333, "x": 0, "y": 0 }
				],
				"scale": [
					{ "time": 1.3333, "x": 1, "y": 1 }
				]
			},
			"bone5": {
				"rotate": [
					{
						"time": 0,
						"angle": 1.86,
						"curve": [ 0.367, 0.63, 0.705, 1 ]
					},
					{
						"time": 0.2667,
						"angle": 24.12,
						"curve": [ 0.244, 0, 0.697, 0.78 ]
					},
					{ "time": 0.3667, "angle": 0 },
					{
						"time": 0.7,
						"angle": 24.12,
						"curve": [ 0.25, 0, 0.75, 1 ]
					},
					{ "time": 0.8333, "angle": 0 },
					{
						"time": 1.2,
						"angle": 24.12,
						"curve": [ 0.25, 0, 0.75, 1 ]
					},
					{ "time": 1.3333, "angle": 0 }
				],
				"translate": [
					{ "time": 1.3333, "x": 0, "y": 0 }
				],
				"scale": [
					{ "time": 1.3333, "x": 1, "y": 1 }
				]
			},
			"bone6": {
				"rotate": [
					{ "time": 0, "angle": 4.07 },
					{ "time": 0.1333, "angle": 16.28 },
					{ "time": 0.2333, "angle": 10.17 },
					{ "time": 0.2667, "angle": -8.54 },
					{ "time": 0.3333, "angle": -13.04 },
					{ "time": 0.3667, "angle": 0 },
					{ "time": 0.5, "angle": 16.28 },
					{ "time": 0.6333, "angle": 10.17 },
					{ "time": 0.7, "angle": -8.54 },
					{ "time": 0.7667, "angle": -13.04 },
					{ "time": 0.8333, "angle": 0 },
					{ "time": 1, "angle": 16.28 },
					{ "time": 1.1333, "angle": 10.17 },
					{ "time": 1.2, "angle": -8.54 },
					{ "time": 1.2667, "angle": -13.04 },
					{ "time": 1.3333, "angle": 0 }
				],
				"translate": [
					{ "time": 1.3333, "x": 0, "y": 0 }
				],
				"scale": [
					{ "time": 1.3333, "x": 1, "y": 1 }
				]
			},
			"bone7": {
				"rotate": [
					{
						"time": 0,
						"angle": 1.86,
						"curve": [ 0.367, 0.63, 0.705, 1 ]
					},
					{
						"time": 0.2667,
						"angle": 24.12,
						"curve": [ 0.244, 0, 0.697, 0.78 ]
					},
					{ "time": 0.3667, "angle": 0 },
					{
						"time": 0.7,
						"angle": 24.12,
						"curve": [ 0.25, 0, 0.75, 1 ]
					},
					{ "time": 0.8333, "angle": 0 },
					{
						"time": 1.2,
						"angle": 24.12,
						"curve": [ 0.25, 0, 0.75, 1 ]
					},
					{ "time": 1.3333, "angle": 0 }
				],
				"translate": [
					{ "time": 1.3333, "x": 0, "y": 0 }
				],
				"scale": [
					{ "time": 1.3333, "x": 1, "y": 1 }
				]
			},
			"bone8": {
				"rotate": [
					{ "time": 0, "angle": 4.07 },
					{ "time": 0.1333, "angle": 16.28 },
					{ "time": 0.2333, "angle": 10.17 },
					{ "time": 0.2667, "angle": -8.54 },
					{ "time": 0.3333, "angle": -13.04 },
					{ "time": 0.3667, "angle": 0 },
					{ "time": 0.5, "angle": 16.28 },
					{ "time": 0.6333, "angle": 10.17 },
					{ "time": 0.7, "angle": -8.54 },
					{ "time": 0.7667, "angle": -13.04 },
					{ "time": 0.8333, "angle": 0 },
					{ "time": 1, "angle": 16.28 },
					{ "time": 1.1333, "angle": 10.17 },
					{ "time": 1.2, "angle": -8.54 },
					{ "time": 1.2667, "angle": -13.04 },
					{ "time": 1.3333, "angle": 0 }
				],
				"translate": [
					{ "time": 1.3333, "x": 0, "y": 0 }
				],
				"scale": [
					{ "time": 1.3333, "x": 1, "y": 1 }
				]
			},
			"bone9": {
				"rotate": [
					{
						"time": 0,
						"angle": 1.39,
						"curve": [ 0.367, 0.63, 0.705, 1 ]
					},
					{
						"time": 0.2667,
						"angle": 17.95,
						"curve": [ 0.244, 0, 0.697, 0.78 ]
					},
					{ "time": 0.3667, "angle": 0 },
					{
						"time": 0.7,
						"angle": 17.95,
						"curve": [ 0.25, 0, 0.75, 1 ]
					},
					{ "time": 0.8333, "angle": 0 },
					{
						"time": 1.2,
						"angle": 17.95,
						"curve": [ 0.25, 0, 0.75, 1 ]
					},
					{ "time": 1.3333, "angle": 0 }
				],
				"translate": [
					{ "time": 1.3333, "x": 0, "y": 0 }
				],
				"scale": [
					{ "time": 1.3333, "x": 1, "y": 1 }
				]
			},
			"bone10": {
				"rotate": [
					{ "time": 0, "angle": 4.37 },
					{ "time": 0.1333, "angle": 17.47 },
					{ "time": 0.2333, "angle": -21.07 },
					{ "time": 0.3333, "angle": -29.49 },
					{ "time": 0.3667, "angle": 0 },
					{ "time": 0.5, "angle": 17.47 },
					{ "time": 0.6333, "angle": -21.07 },
					{ "time": 0.7667, "angle": -29.49 },
					{ "time": 0.8333, "angle": 0 },
					{ "time": 1, "angle": 17.47 },
					{ "time": 1.1333, "angle": -21.07 },
					{ "time": 1.2667, "angle": -29.49 },
					{ "time": 1.3333, "angle": 0 }
				],
				"translate": [
					{ "time": 1.3333, "x": 0, "y": 0 }
				],
				"scale": [
					{ "time": 1.3333, "x": 1, "y": 1 }
				]
			},
			"bone11": {
				"rotate": [
					{
						"time": 0,
						"angle": 4.66,
						"curve": [ 0.382, 0.57, 0.735, 1 ]
					},
					{
						"time": 0.1,
						"angle": -343.56,
						"curve": [ 0.243, 0, 0.649, 0.6 ]
					},
					{
						"time": 0.2667,
						"angle": -13.85,
						"curve": [ 0.25, 0, 0.75, 1 ]
					},
					{ "time": 0.3667, "angle": 0 },
					{
						"time": 0.4333,
						"angle": -343.56,
						"curve": [ 0.25, 0, 0.75, 1 ]
					},
					{
						"time": 0.7,
						"angle": -13.85,
						"curve": [ 0.25, 0, 0.75, 1 ]
					},
					{ "time": 0.8333, "angle": 0 },
					{
						"time": 0.9333,
						"angle": -343.56,
						"curve": [ 0.25, 0, 0.75, 1 ]
					},
					{
						"time": 1.2,
						"angle": -13.85,
						"curve": [ 0.25, 0, 0.75, 1 ]
					},
					{ "time": 1.3333, "angle": 0 }
				],
				"translate": [
					{ "time": 1.3333, "x": 0, "y": 0 }
				],
				"scale": [
					{ "time": 1.3333, "x": 1, "y": 1 }
				]
			},
			"bone12": {
				"rotate": [
					{
						"time": 0,
						"angle": -6.45,
						"curve": [ 0.345, 0.38, 0.679, 0.72 ]
					},
					{
						"time": 0.1333,
						"angle": -30.85,
						"curve": [ 0.343, 0.36, 0.686, 0.73 ]
					},
					{
						"time": 0.2333,
						"angle": -10.11,
						"curve": [ 0.314, 0.27, 0.657, 0.64 ]
					},
					{
						"time": 0.2667,
						"angle": 2.06,
						"curve": [ 0.276, 0, 0.621, 0.4 ]
					},
					{ "time": 0.3333, "angle": 4.01 },
					{ "time": 0.3667, "angle": 0 },
					{
						"time": 0.5,
						"angle": -30.85,
						"curve": [ 0.351, 0.39, 0.701, 0.78 ]
					},
					{
						"time": 0.6333,
						"angle": -10.11,
						"curve": [ 0.314, 0.27, 0.657, 0.64 ]
					},
					{
						"time": 0.7,
						"angle": 2.06,
						"curve": [ 0.276, 0, 0.621, 0.4 ]
					},
					{ "time": 0.7667, "angle": 4.01 },
					{ "time": 0.8333, "angle": 0 },
					{
						"time": 1,
						"angle": -30.85,
						"curve": [ 0.351, 0.39, 0.701, 0.78 ]
					},
					{
						"time": 1.1333,
						"angle": -10.11,
						"curve": [ 0.314, 0.27, 0.657, 0.64 ]
					},
					{
						"time": 1.2,
						"angle": 2.06,
						"curve": [ 0.276, 0, 0.621, 0.4 ]
					},
					{ "time": 1.2667, "angle": 4.01 },
					{ "time": 1.3333, "angle": 0 }
				],
				"translate": [
					{ "time": 1.3333, "x": 0, "y": 0 }
				],
				"scale": [
					{ "time": 1.3333, "x": 1, "y": 1 }
				]
			},
			"bone13": {
				"rotate": [
					{
						"time": 0,
						"angle": 4.66,
						"curve": [ 0.382, 0.57, 0.735, 1 ]
					},
					{
						"time": 0.1,
						"angle": 16.44,
						"curve": [ 0.243, 0, 0.649, 0.6 ]
					},
					{
						"time": 0.2667,
						"angle": -13.85,
						"curve": [ 0.25, 0, 0.75, 1 ]
					},
					{ "time": 0.3667, "angle": 0 },
					{
						"time": 0.4333,
						"angle": 16.44,
						"curve": [ 0.25, 0, 0.75, 1 ]
					},
					{
						"time": 0.7,
						"angle": -13.85,
						"curve": [ 0.25, 0, 0.75, 1 ]
					},
					{ "time": 0.8333, "angle": 0 },
					{
						"time": 0.9333,
						"angle": 16.44,
						"curve": [ 0.25, 0, 0.75, 1 ]
					},
					{
						"time": 1.2,
						"angle": -13.85,
						"curve": [ 0.25, 0, 0.75, 1 ]
					},
					{ "time": 1.3333, "angle": 0 }
				],
				"translate": [
					{ "time": 1.3333, "x": 0, "y": 0 }
				],
				"scale": [
					{ "time": 1.3333, "x": 1, "y": 1 }
				]
			},
			"bone14": {
				"rotate": [
					{
						"time": 0,
						"angle": -6.45,
						"curve": [ 0.345, 0.38, 0.679, 0.72 ]
					},
					{
						"time": 0.1333,
						"angle": -30.85,
						"curve": [ 0.343, 0.36, 0.686, 0.73 ]
					},
					{
						"time": 0.2333,
						"angle": -10.11,
						"curve": [ 0.314, 0.27, 0.657, 0.64 ]
					},
					{
						"time": 0.2667,
						"angle": 2.06,
						"curve": [ 0.276, 0, 0.621, 0.4 ]
					},
					{ "time": 0.3333, "angle": 4.01 },
					{ "time": 0.3667, "angle": 0 },
					{
						"time": 0.5,
						"angle": -30.85,
						"curve": [ 0.351, 0.39, 0.701, 0.78 ]
					},
					{
						"time": 0.6333,
						"angle": -10.11,
						"curve": [ 0.314, 0.27, 0.657, 0.64 ]
					},
					{
						"time": 0.7,
						"angle": 2.06,
						"curve": [ 0.276, 0, 0.621, 0.4 ]
					},
					{ "time": 0.7667, "angle": 4.01 },
					{ "time": 0.8333, "angle": 0 },
					{
						"time": 1,
						"angle": -30.85,
						"curve": [ 0.351, 0.39, 0.701, 0.78 ]
					},
					{
						"time": 1.1333,
						"angle": -10.11,
						"curve": [ 0.314, 0.27, 0.657, 0.64 ]
					},
					{
						"time": 1.2,
						"angle": 2.06,
						"curve": [ 0.276, 0, 0.621, 0.4 ]
					},
					{ "time": 1.2667, "angle": 4.01 },
					{ "time": 1.3333, "angle": 0 }
				],
				"translate": [
					{ "time": 1.3333, "x": 0, "y": 0 }
				],
				"scale": [
					{ "time": 1.3333, "x": 1, "y": 1 }
				]
			},
			"bone15": {
				"rotate": [
					{
						"time": 0,
						"angle": 1.35,
						"curve": [ 0.367, 0.63, 0.705, 1 ]
					},
					{
						"time": 0.2667,
						"angle": 17.54,
						"curve": [ 0.244, 0, 0.697, 0.78 ]
					},
					{ "time": 0.3667, "angle": 0 },
					{
						"time": 0.7,
						"angle": 17.54,
						"curve": [ 0.25, 0, 0.75, 1 ]
					},
					{ "time": 0.8333, "angle": 0 },
					{
						"time": 1.2,
						"angle": 17.54,
						"curve": [ 0.25, 0, 0.75, 1 ]
					},
					{ "time": 1.3333, "angle": 0 }
				],
				"translate": [
					{ "time": 1.3333, "x": 0, "y": 0 }
				],
				"scale": [
					{ "time": 1.3333, "x": 1, "y": 1 }
				]
			},
			"bone16": {
				"rotate": [
					{ "time": 0, "angle": 0.69 },
					{ "time": 0.1333, "angle": 2.76 },
					{ "time": 0.3333, "angle": -46.27 },
					{ "time": 0.3667, "angle": 0 },
					{ "time": 0.5, "angle": 2.76 },
					{ "time": 0.7667, "angle": -46.27 },
					{ "time": 0.8333, "angle": 0 },
					{ "time": 1, "angle": 2.76 },
					{ "time": 1.2667, "angle": -46.27 },
					{ "time": 1.3333, "angle": 0 }
				],
				"translate": [
					{ "time": 1.3333, "x": 0, "y": 0 }
				],
				"scale": [
					{ "time": 1.3333, "x": 1, "y": 1 }
				]
			},
			"bone17": {
				"rotate": [
					{
						"time": 0,
						"angle": -1.26,
						"curve": [ 0.367, 0.63, 0.705, 1 ]
					},
					{
						"time": 0.2667,
						"angle": -16.31,
						"curve": [ 0.244, 0, 0.697, 0.78 ]
					},
					{ "time": 0.3667, "angle": 0 },
					{
						"time": 0.7,
						"angle": -16.31,
						"curve": [ 0.25, 0, 0.75, 1 ]
					},
					{ "time": 0.8333, "angle": 0 },
					{
						"time": 1.2,
						"angle": -16.31,
						"curve": [ 0.25, 0, 0.75, 1 ]
					},
					{ "time": 1.3333, "angle": 0 }
				],
				"translate": [
					{ "time": 1.3333, "x": 0, "y": 0 }
				],
				"scale": [
					{ "time": 1.3333, "x": 1, "y": 1 }
				]
			},
			"bone18": {
				"rotate": [
					{ "time": 0, "angle": -2.96 },
					{ "time": 0.1333, "angle": -11.82 },
					{ "time": 0.3333, "angle": 52.89 },
					{ "time": 0.3667, "angle": 0 },
					{ "time": 0.5, "angle": -11.82 },
					{ "time": 0.7667, "angle": 52.89 },
					{ "time": 0.8333, "angle": 0 },
					{ "time": 1, "angle": -11.82 },
					{ "time": 1.2667, "angle": 52.89 },
					{ "time": 1.3333, "angle": 0 }
				],
				"translate": [
					{ "time": 1.3333, "x": 0, "y": 0 }
				],
				"scale": [
					{ "time": 1.3333, "x": 1, "y": 1 }
				]
			},
			"bone22": {
				"rotate": [
					{ "time": 0, "angle": 0, "curve": "stepped" },
					{ "time": 1.3333, "angle": 0 }
				],
				"translate": [
					{ "time": 1.3333, "x": 0, "y": 0 }
				],
				"scale": [
					{ "time": 1.3333, "x": 1, "y": 1 }
				]
			},
			"bone23": {
				"rotate": [
					{ "time": 0, "angle": 0, "curve": "stepped" },
					{ "time": 1.3333, "angle": 0 }
				],
				"translate": [
					{ "time": 1.3333, "x": 0, "y": 0 }
				],
				"scale": [
					{ "time": 1.3333, "x": 1, "y": 1 }
				]
			},
			"bone24": {
				"rotate": [
					{ "time": 0, "angle": 0, "curve": "stepped" },
					{ "time": 1.3333, "angle": 0 }
				],
				"translate": [
					{ "time": 1.3333, "x": 0, "y": 0 }
				],
				"scale": [
					{ "time": 1.3333, "x": 1, "y": 1 }
				]
			},
			"bone25": {
				"rotate": [
					{ "time": 0, "angle": 0, "curve": "stepped" },
					{ "time": 1.3333, "angle": 0 }
				],
				"translate": [
					{ "time": 1.3333, "x": 0, "y": 0 }
				],
				"scale": [
					{ "time": 1.3333, "x": 1, "y": 1 }
				]
			},
			"bone26": {
				"rotate": [
					{ "time": 0, "angle": 0, "curve": "stepped" },
					{ "time": 1.3333, "angle": 0 }
				],
				"translate": [
					{ "time": 1.3333, "x": 0, "y": 0 }
				],
				"scale": [
					{ "time": 1.3333, "x": 1, "y": 1 }
				]
			},
			"bone27": {
				"rotate": [
					{ "time": 0, "angle": 0, "curve": "stepped" },
					{ "time": 1.3333, "angle": 0 }
				],
				"translate": [
					{ "time": 1.3333, "x": 0, "y": 0 }
				],
				"scale": [
					{ "time": 1.3333, "x": 1, "y": 1 }
				]
			}
		}
	},
	"shoot": {
		"slots": {
			"images/Layer_16": {
				"attachment": [
					{ "time": 0, "name": "images/Layer_19" }
				]
			}
		},
		"bones": {
			"bone28": {
				"rotate": [
					{ "time": 0, "angle": 0 }
				],
				"translate": [
					{
						"time": 0,
						"x": 0,
						"y": 0,
						"curve": [ 0.212, 0.13, 0.75, 1 ]
					},
					{ "time": 0.5, "x": -278.88, "y": 229.5 }
				]
			},
			"bone19": {
				"rotate": [
					{
						"time": 0,
						"angle": 0,
						"curve": [ 0.212, 0.13, 0.385, 1 ]
					},
					{ "time": 0.7333, "angle": -75.85 }
				]
			},
			"bone20": {
				"rotate": [
					{
						"time": 0,
						"angle": 0,
						"curve": [ 0.212, 0.13, 0.385, 1 ]
					},
					{ "time": 0.7333, "angle": -42.47 }
				]
			},
			"bone21": {
				"rotate": [
					{
						"time": 0,
						"angle": 0,
						"curve": [ 0.212, 0.13, 0.385, 1 ]
					},
					{ "time": 0.7333, "angle": -80.99 }
				]
			},
			"bone": {
				"rotate": [
					{ "time": 0, "angle": 0 }
				]
			},
			"bone2": {
				"rotate": [
					{ "time": 0, "angle": 0 }
				]
			},
			"bone3": {
				"rotate": [
					{ "time": 0, "angle": -1.61 }
				]
			},
			"bone4": {
				"rotate": [
					{
						"time": 0,
						"angle": -3.83,
						"curve": [ 0.212, 0.13, 0.385, 1 ]
					},
					{ "time": 0.6333, "angle": -15.3 }
				]
			},
			"bone5": {
				"rotate": [
					{ "time": 0, "angle": 1.86 }
				]
			},
			"bone6": {
				"rotate": [
					{
						"time": 0,
						"angle": 4.07,
						"curve": [ 0.212, 0.13, 0.385, 1 ]
					},
					{ "time": 0.6333, "angle": 16.28 }
				]
			},
			"bone7": {
				"rotate": [
					{ "time": 0, "angle": 1.86 }
				]
			},
			"bone8": {
				"rotate": [
					{
						"time": 0,
						"angle": 4.07,
						"curve": [ 0.212, 0.13, 0.385, 1 ]
					},
					{ "time": 0.6333, "angle": 16.28 }
				]
			},
			"bone9": {
				"rotate": [
					{ "time": 0, "angle": 1.39 }
				]
			},
			"bone10": {
				"rotate": [
					{
						"time": 0,
						"angle": 4.37,
						"curve": [ 0.212, 0.13, 0.385, 1 ]
					},
					{ "time": 0.6333, "angle": 17.47 }
				]
			},
			"bone11": {
				"rotate": [
					{
						"time": 0,
						"angle": 4.66,
						"curve": [ 0.212, 0.13, 0.385, 1 ]
					},
					{ "time": 0.5, "angle": -343.56 }
				]
			},
			"bone12": {
				"rotate": [
					{
						"time": 0,
						"angle": -6.45,
						"curve": [ 0.212, 0.13, 0.385, 1 ]
					},
					{ "time": 0.6333, "angle": -30.85 }
				]
			},
			"bone13": {
				"rotate": [
					{
						"time": 0,
						"angle": 4.66,
						"curve": [ 0.212, 0.13, 0.385, 1 ]
					},
					{ "time": 0.5, "angle": 16.44 }
				]
			},
			"bone14": {
				"rotate": [
					{
						"time": 0,
						"angle": -6.45,
						"curve": [ 0.212, 0.13, 0.385, 1 ]
					},
					{ "time": 0.6333, "angle": -30.85 }
				]
			},
			"bone15": {
				"rotate": [
					{ "time": 0, "angle": 1.35 }
				]
			},
			"bone16": {
				"rotate": [
					{
						"time": 0,
						"angle": 0.69,
						"curve": [ 0.212, 0.13, 0.385, 1 ]
					},
					{ "time": 0.6333, "angle": 2.76 }
				]
			},
			"bone17": {
				"rotate": [
					{ "time": 0, "angle": -1.26 }
				]
			},
			"bone18": {
				"rotate": [
					{
						"time": 0,
						"angle": -2.96,
						"curve": [ 0.212, 0.13, 0.385, 1 ]
					},
					{ "time": 0.6333, "angle": -11.82 }
				]
			},
			"bone22": {
				"rotate": [
					{ "time": 0, "angle": 0 }
				]
			},
			"bone23": {
				"rotate": [
					{ "time": 0, "angle": 0 }
				]
			},
			"bone24": {
				"rotate": [
					{ "time": 0, "angle": 0 }
				]
			},
			"bone25": {
				"rotate": [
					{ "time": 0, "angle": 0 }
				]
			},
			"bone26": {
				"rotate": [
					{ "time": 0, "angle": 0 }
				]
			},
			"bone27": {
				"rotate": [
					{ "time": 0, "angle": 0 }
				]
			},
			"root": {
				"rotate": [
					{ "time": 0.7667, "angle": 0 }
				],
				"translate": [
					{ "time": 0.7667, "x": 0, "y": 0 }
				],
				"scale": [
					{ "time": 0.7667, "x": 1, "y": 1 }
				]
			}
		}
	}
}
}